{
  "teams": {
    "TOR": {
      "name": "Toronto Maple Leafs",
      "logo_url": "https://assets.nhle.com/logos/nhl/svg/TOR_light.svg",
      "colors": {
        "primary": "#003E7E",
        "secondary": "#FFFFFF"
      },
      "city": "Toronto"
    },
    "BOS": {
      "name": "Boston Bruins",
      "logo_url": "https://assets.nhle.com/logos/nhl/svg/BOS_light.svg",
      "colors": {
        "primary": "#FFB81C",
        "secondary": "#000000"
      },
      "city": "Boston"
    },
    "FLA": {
      "name": "Florida Panthers",
      "logo_url": "https://assets.nhle.com/logos/nhl/svg/FLA_light.svg",
      "colors": {
        "primary": "#C8102E",
        "secondary": "#041E42"
      },
      "city": "Sunrise"
    },
    "TBL": {
      "name": "Tampa Bay Lightning",
      "logo_url": "https://assets.nhle.com/logos/nhl/svg/TBL_light.svg",
      "colors": {
        "primary": "#002868",
        "secondary": "#FFFFFF"
      },
      "city": "Tampa Bay"
    },
    "BUF": {
      "name": "Buffalo Sabres",
      "logo_url": "https://assets.nhle.com/logos/nhl/svg/BUF_light.svg",
      "colors": {
        "primary": "#003087",
        "secondary": "#FFB81C"
      },
      "city": "Buffalo"
    },
    "MTL": {
      "name": "Montreal Canadiens",
      "logo_url": "https://assets.nhle.com/logos/nhl/svg/MTL_light.svg",
      "colors": {
        "primary": "#AF1E2D",
        "secondary": "#192168"
      },
      "city": "Montreal"
    },
    "OTT": {
      "name": "Ottawa Senators",
      "logo_url": "https://assets.nhle.com/logos/nhl/svg/OTT_light.svg",
      "colors": {
        "primary": "#C52032",
        "secondary": "#000000"
      },
      "city": "Ottawa"
    },
    "DET": {
      "name": "Detroit Red Wings",
      "logo_url": "https://assets.nhle.com/logos/nhl/svg/DET_light.svg",
      "colors": {
        "primary": "#CE1126",
        "secondary": "#FFFFFF"
      },
      "city": "Detroit"
    },
    "NYR": {
      "name": "New York Rangers",
      "logo_url": "https://assets.nhle.com/logos/nhl/svg/NYR_light.svg",
      "colors": {
        "primary": "#0038A8",
        "secondary": "#CE1126"
      },
      "city": "New York"
    },
    "CAR": {
      "name": "Carolina Hurricanes",
      "logo_url": "https://assets.nhle.com/logos/nhl/svg/CAR_light.svg",
      "colors": {
        "primary": "#CE1126",
        "secondary": "#000000"
      },
      "city": "Raleigh"
    },
    "NJD": {
      "name": "New Jersey Devils",
      "logo_url": "https://assets.nhle.com/logos/nhl/svg/NJD_light.svg",
      "colors": {
        "primary": "#CE1126",
        "secondary": "#000000"
      },
      "city": "Newark"
    },
    "WSH": {
      "name": "Washington Capitals",
      "logo_url": "https://assets.nhle.com/logos/nhl/svg/WSH_light.svg",
      "colors": {
        "primary": "#041E42",
        "secondary": "#C8102E"
      },
      "city": "Washington"
    },
    "PHI": {
      "name": "Philadelphia Flyers",
      "logo_url": "https://assets.nhle.com/logos/nhl/svg/PHI_light.svg",
      "colors": {
        "primary": "#F74902",
        "secondary": "#000000"
      },
      "city": "Philadelphia"
    },
    "PIT": {
      "name": "Pittsburgh Penguins",
      "logo_url": "https://assets.nhle.com/logos/nhl/svg/PIT_light.svg",
      "colors": {
        "primary": "#000000",
        "secondary": "#FCB514"
      },
      "city": "Pittsburgh"
    },
    "NYI": {
      "name": "New York Islanders",
      "logo_url": "https://assets.nhle.com/logos/nhl/svg/NYI_light.svg",
      "colors": {
        "primary": "#00539B",
        "secondary": "#F47D30"
      },
      "city": "Long Island"
    },
    "CBJ": {
      "name": "Columbus Blue Jackets",
      "logo_url": "https://assets.nhle.com/logos/nhl/svg/CBJ_light.svg",
      "colors": {
        "primary": "#002654",
        "secondary": "#CE1126"
      },
      "city": "Columbus"
    },
    "COL": {
      "name": "Colorado Avalanche",
      "logo_url": "https://assets.nhle.com/logos/nhl/svg/COL_light.svg",
      "colors": {
        "primary": "#6F263D",
        "secondary": "#236192"
      },
      "city": "Denver"
    },
    "DAL": {
      "name": "Dallas Stars",
      "logo_url": "https://assets.nhle.com/logos/nhl/svg/DAL_light.svg",
      "colors": {
        "primary": "#006847",
        "secondary": "#8F8F8C"
      },
      "city": "Dallas"
    },
    "WPG": {
      "name": "Winnipeg Jets",
      "logo_url": "https://assets.nhle.com/logos/nhl/svg/WPG_light.svg",
      "colors": {
        "primary": "#041E42",
        "secondary": "#004C97"
      },
      "city": "Winnipeg"
    },
    "NSH": {
      "name": "Nashville Predators",
      "logo_url": "https://assets.nhle.com/logos/nhl/svg/NSH_light.svg",
      "colors": {
        "primary": "#FFB81C",
        "secondary": "#041E42"
      },
      "city": "Nashville"
    },
    "MIN": {
      "name": "Minnesota Wild",
      "logo_url": "https://assets.nhle.com/logos/nhl/svg/MIN_light.svg",
      "colors": {
        "primary": "#154734",
        "secondary": "#A6192E"
      },
      "city": "Saint Paul"
    },
    "STL": {
      "name": "St. Louis Blues",
      "logo_url": "https://assets.nhle.com/logos/nhl/svg/STL_light.svg",
      "colors": {
        "primary": "#002F87",
        "secondary": "#FCB514"
      },
      "city": "St. Louis"
    },
    "UTA": {
      "name": "Utah Hockey Club",
      "logo_url": "https://assets.nhle.com/logos/nhl/svg/UTA_light.svg",
      "colors": {
        "primary": "#69BE28",
        "secondary": "#000000"
      },
      "city": "Salt Lake City"
    },
    "CHI": {
      "name": "Chicago Blackhawks",
      "logo_url": "https://assets.nhle.com/logos/nhl/svg/CHI_light.svg",
      "colors": {
        "primary": "#CE1126",
        "secondary": "#000000"
      },
      "city": "Chicago"
    },
    "EDM": {
      "name": "Edmonton Oilers",
      "logo_url": "https://assets.nhle.com/logos/nhl/svg/EDM_light.svg",
      "colors": {
        "primary": "#041E42",
        "secondary": "#FF4C00"
      },
      "city": "Edmonton"
    },
    "VEG": {
      "name": "Vegas Golden Knights",
      "logo_url": "https://assets.nhle.com/logos/nhl/svg/VGK_light.svg",
      "colors": {
        "primary": "#B4975A",
        "secondary": "#333F42"
      },
      "city": "Las Vegas"
    },
    "LAK": {
      "name": "Los Angeles Kings",
      "logo_url": "https://assets.nhle.com/logos/nhl/svg/LAK_light.svg",
      "colors": {
        "primary": "#000000",
        "secondary": "#A2AAAD"
      },
      "city": "Los Angeles"
    },
    "VAN": {
      "name": "Vancouver Canucks",
      "logo_url": "https://assets.nhle.com/logos/nhl/svg/VAN_light.svg",
      "colors": {
        "primary": "#00205B",
        "secondary": "#00843D"
      },
      "city": "Vancouver"
    },
    "CGY": {
      "name": "Calgary Flames",
      "logo_url": "https://assets.nhle.com/logos/nhl/svg/CGY_light.svg",
      "colors": {
        "primary": "#C8102E",
        "secondary": "#F1BE48"
      },
      "city": "Calgary"
    },
    "SEA": {
      "name": "Seattle Kraken",
      "logo_url": "https://assets.nhle.com/logos/nhl/svg/SEA_light.svg",
      "colors": {
        "primary": "#001628",
        "secondary": "#99D9D9"
      },
      "city": "Seattle"
    },
    "ANA": {
      "name": "Anaheim Ducks",
      "logo_url": "https://assets.nhle.com/logos/nhl/svg/ANA_light.svg",
      "colors": {
        "primary": "#F47A38",
        "secondary": "#B9975B"
      },
      "city": "Anaheim"
    },
    "SJS": {
      "name": "San Jose Sharks",
      "logo_url": "https://assets.nhle.com/logos/nhl/svg/SJS_light.svg",
      "colors": {
        "primary": "#006D75",
        "secondary": "#EA7200"
      },
      "city": "San Jose"
    }
  },
  "sizes": {
    "small": "24px",
    "medium": "48px",
    "large": "64px",
    "xl": "96px"
  },
  "css_classes": {
    "container": "team-logo-container",
    "logo": "team-logo",
    "fallback": "team-fallback",
    "matchup": "game-matchup-logos"
  },
  "generated_at": "2025-09-09",
  "version": "1.0"
}