{
  "version": "v4.2_grok_v2.1_ultra_precision",
  "timestamp": "2025-09-07T02:39:03.596564",
  "performance_summary": {
    "avg_execution_time": 7.493441104888916,
    "avg_selectivity": 0.20666666666666667,
    "performance_target_met": false,
    "selectivity_target_met": false
  },
  "recommendations": [
    {
      "game_id": "MIN_ARI_2025-11-25",
      "home_team": "MIN",
      "away_team": "ARI",
      "home_division": "Central",
      "away_division": "Central",
      "bet_type": "WIN",
      "confidence": 0.7552030423459164,
      "expected_value": 0.5,
      "kelly_fraction": 0.09342697790956672,
      "odds": 2.1191167101777673,
      "pattern_id": "pattern_v42_36",
      "vi_hierarchical_score": 0.8171852935092423,
      "catboost_prediction": 0.6224593312018546,
      "gnn_rivalry_score": 0.7020000000000002,
      "bootstrap_ci_lower": 0.41333333333333333,
      "bootstrap_ci_upper": 0.5266666666666666,
      "external_validation_score": 0.6202385907043085,
      "refined_thresholds": {
        "confidence_used": 0.75,
        "ev_used": 0.08121416876800189
      },
      "features": {
        "rest_days_home": 3,
        "rivalry_score": 0.7020000000000002,
        "back_to_back_away": 0
      },
      "variance": 0.05666666666666664,
      "hedging_ev_capped": true,
      "copula_joint_risk": 0.8455368641326182
    },
    {
      "game_id": "SJS_ANA_2025-12-20",
      "home_team": "SJS",
      "away_team": "ANA",
      "home_division": "Pacific",
      "away_division": "Pacific",
      "bet_type": "WIN",
      "confidence": 0.7552030423459164,
      "expected_value": 0.5,
      "kelly_fraction": 0.10773154712036258,
      "odds": 2.792022148299665,
      "pattern_id": "pattern_v42_36",
      "vi_hierarchical_score": 0.8171852935092423,
      "catboost_prediction": 0.6224593312018546,
      "gnn_rivalry_score": 0.7020000000000002,
      "bootstrap_ci_lower": 0.3233333333333333,
      "bootstrap_ci_upper": 0.43333333333333335,
      "external_validation_score": 0.6202385907043085,
      "refined_thresholds": {
        "confidence_used": 0.75,
        "ev_used": 0.08121416876800189
      },
      "features": {
        "rest_days_home": 1,
        "rivalry_score": 0.7020000000000002,
        "back_to_back_away": 0
      },
      "variance": 0.05500000000000002,
      "hedging_ev_capped": true,
      "copula_joint_risk": 0.9193214889253923
    },
    {
      "game_id": "STL_DAL_2025-10-26",
      "home_team": "STL",
      "away_team": "DAL",
      "home_division": "Central",
      "away_division": "Central",
      "bet_type": "WIN",
      "confidence": 0.7552030423459164,
      "expected_value": 0.5,
      "kelly_fraction": 0.09903103093760303,
      "odds": 2.3121444709546886,
      "pattern_id": "pattern_v42_36",
      "vi_hierarchical_score": 0.8171852935092423,
      "catboost_prediction": 0.6224593312018546,
      "gnn_rivalry_score": 0.7020000000000002,
      "bootstrap_ci_lower": 0.42,
      "bootstrap_ci_upper": 0.53,
      "external_validation_score": 0.6202385907043085,
      "refined_thresholds": {
        "confidence_used": 0.75,
        "ev_used": 0.08121416876800189
      },
      "features": {
        "rest_days_home": 1,
        "rivalry_score": 0.7020000000000002,
        "back_to_back_away": 0
      },
      "variance": 0.05500000000000002,
      "hedging_ev_capped": true,
      "copula_joint_risk": 0.9193214889253923
    },
    {
      "game_id": "ANA_VGK_2025-12-24",
      "home_team": "ANA",
      "away_team": "VGK",
      "home_division": "Pacific",
      "away_division": "Pacific",
      "bet_type": "WIN",
      "confidence": 0.7552030423459164,
      "expected_value": 0.5,
      "kelly_fraction": 0.10201914690830628,
      "odds": 2.445043067813601,
      "pattern_id": "pattern_v42_36",
      "vi_hierarchical_score": 0.8171852935092423,
      "catboost_prediction": 0.6224593312018546,
      "gnn_rivalry_score": 0.7020000000000002,
      "bootstrap_ci_lower": 0.5133333333333333,
      "bootstrap_ci_upper": 0.6233333333333333,
      "external_validation_score": 0.6202385907043085,
      "refined_thresholds": {
        "confidence_used": 0.75,
        "ev_used": 0.08121416876800189
      },
      "features": {
        "rest_days_home": 2,
        "rivalry_score": 0.7020000000000002,
        "back_to_back_away": 0
      },
      "variance": 0.05499999999999999,
      "hedging_ev_capped": true,
      "copula_joint_risk": 0.8455368641326182
    },
    {
      "game_id": "SJS_ANA_2025-12-21",
      "home_team": "SJS",
      "away_team": "ANA",
      "home_division": "Pacific",
      "away_division": "Pacific",
      "bet_type": "WIN",
      "confidence": 0.7552030423459164,
      "expected_value": 0.5,
      "kelly_fraction": 0.10659401512859312,
      "odds": 2.71024610316079,
      "pattern_id": "pattern_v42_36",
      "vi_hierarchical_score": 0.8171852935092423,
      "catboost_prediction": 0.6224593312018546,
      "gnn_rivalry_score": 0.7020000000000002,
      "bootstrap_ci_lower": 0.45,
      "bootstrap_ci_upper": 0.5666666666666667,
      "external_validation_score": 0.6202385907043085,
      "refined_thresholds": {
        "confidence_used": 0.75,
        "ev_used": 0.08121416876800189
      },
      "features": {
        "rest_days_home": 2,
        "rivalry_score": 0.7020000000000002,
        "back_to_back_away": 0
      },
      "variance": 0.05833333333333332,
      "hedging_ev_capped": true,
      "copula_joint_risk": 0.8580651107494575
    },
    {
      "game_id": "SJS_VGK_2025-10-28",
      "home_team": "SJS",
      "away_team": "VGK",
      "home_division": "Pacific",
      "away_division": "Pacific",
      "bet_type": "WIN",
      "confidence": 0.7552030423459164,
      "expected_value": 0.3493176990541704,
      "kelly_fraction": 0.07732991589303458,
      "odds": 1.786695263915692,
      "pattern_id": "pattern_v42_36",
      "vi_hierarchical_score": 0.8171852935092423,
      "catboost_prediction": 0.6224593312018546,
      "gnn_rivalry_score": 0.7020000000000002,
      "bootstrap_ci_lower": 0.5133333333333333,
      "bootstrap_ci_upper": 0.63,
      "external_validation_score": 0.6202385907043085,
      "refined_thresholds": {
        "confidence_used": 0.75,
        "ev_used": 0.08121416876800189
      },
      "features": {
        "rest_days_home": 2,
        "rivalry_score": 0.7020000000000002,
        "back_to_back_away": 0
      },
      "variance": 0.05833333333333335,
      "hedging_ev_capped": true,
      "copula_joint_risk": 0.8580651107494576
    },
    {
      "game_id": "PHI_NYI_2025-11-17",
      "home_team": "PHI",
      "away_team": "NYI",
      "home_division": "Metropolitan",
      "away_division": "Metropolitan",
      "bet_type": "WIN",
      "confidence": 0.7528113419599936,
      "expected_value": 0.5,
      "kelly_fraction": 0.08524731999370132,
      "odds": 2.1495573529585252,
      "pattern_id": "pattern_v42_10",
      "vi_hierarchical_score": 0.7869186260796474,
      "catboost_prediction": 0.7013008315610254,
      "gnn_rivalry_score": 0.7020000000000002,
      "bootstrap_ci_lower": 0.46,
      "bootstrap_ci_upper": 0.58,
      "external_validation_score": 0.6270574418974599,
      "refined_thresholds": {
        "confidence_used": 0.75,
        "ev_used": 0.08121416876800189
      },
      "features": {
        "rest_days_home": 4,
        "rivalry_score": 0.7020000000000002,
        "back_to_back_away": 0
      },
      "variance": 0.05999999999999997,
      "hedging_ev_capped": true,
      "copula_joint_risk": 0.8642081909604705
    },
    {
      "game_id": "PHI_NYI_2025-11-17",
      "home_team": "PHI",
      "away_team": "NYI",
      "home_division": "Metropolitan",
      "away_division": "Metropolitan",
      "bet_type": "SPREAD",
      "confidence": 0.7530738861011641,
      "expected_value": 0.5,
      "kelly_fraction": 0.09512154478124092,
      "odds": 2.4033942123240726,
      "pattern_id": "pattern_v42_20",
      "vi_hierarchical_score": 0.7873561996482649,
      "catboost_prediction": 0.7013008315610254,
      "gnn_rivalry_score": 0.7020000000000002,
      "bootstrap_ci_lower": 0.5,
      "bootstrap_ci_upper": 0.6066666666666667,
      "external_validation_score": 0.6416024461975214,
      "refined_thresholds": {
        "confidence_used": 0.75,
        "ev_used": 0.08121416876800189
      },
      "features": {
        "rest_days_home": 4,
        "rivalry_score": 0.7020000000000002,
        "back_to_back_away": 0
      },
      "variance": 0.053333333333333344,
      "hedging_ev_capped": true,
      "copula_joint_risk": 0.8642081909604705
    },
    {
      "game_id": "PHI_NYI_2025-11-17",
      "home_team": "PHI",
      "away_team": "NYI",
      "home_division": "Metropolitan",
      "away_division": "Metropolitan",
      "bet_type": "WIN",
      "confidence": 0.7581179436932026,
      "expected_value": 0.5,
      "kelly_fraction": 0.08816305180592682,
      "odds": 2.001438593814465,
      "pattern_id": "pattern_v42_24",
      "vi_hierarchical_score": 0.7957629623016624,
      "catboost_prediction": 0.7013008315610254,
      "gnn_rivalry_score": 0.7020000000000002,
      "bootstrap_ci_lower": 0.2966666666666667,
      "bootstrap_ci_upper": 0.4,
      "external_validation_score": 0.6160029809694006,
      "refined_thresholds": {
        "confidence_used": 0.75,
        "ev_used": 0.08121416876800189
      },
      "features": {
        "rest_days_home": 4,
        "rivalry_score": 0.7020000000000002,
        "back_to_back_away": 0
      },
      "variance": 0.051666666666666666,
      "hedging_ev_capped": true,
      "copula_joint_risk": 0.8642081909604705
    },
    {
      "game_id": "PHI_NYI_2025-11-17",
      "home_team": "PHI",
      "away_team": "NYI",
      "home_division": "Metropolitan",
      "away_division": "Metropolitan",
      "bet_type": "WIN",
      "confidence": 0.7709713424177506,
      "expected_value": 0.3559503496919556,
      "kelly_fraction": 0.08169977504365515,
      "odds": 1.758755838368418,
      "pattern_id": "pattern_v42_36",
      "vi_hierarchical_score": 0.8171852935092423,
      "catboost_prediction": 0.7013008315610254,
      "gnn_rivalry_score": 0.7020000000000002,
      "bootstrap_ci_lower": 0.4266666666666667,
      "bootstrap_ci_upper": 0.5366666666666666,
      "external_validation_score": 0.6202385907043085,
      "refined_thresholds": {
        "confidence_used": 0.75,
        "ev_used": 0.08121416876800189
      },
      "features": {
        "rest_days_home": 4,
        "rivalry_score": 0.7020000000000002,
        "back_to_back_away": 0
      },
      "variance": 0.054999999999999966,
      "hedging_ev_capped": true,
      "copula_joint_risk": 0.8642081909604705
    },
    {
      "game_id": "DET_TBL_2025-10-10",
      "home_team": "DET",
      "away_team": "TBL",
      "home_division": "Atlantic",
      "away_division": "Atlantic",
      "bet_type": "WIN",
      "confidence": 0.7538024158754386,
      "expected_value": 0.5,
      "kelly_fraction": 0.10284744602284829,
      "odds": 2.628536577717047,
      "pattern_id": "pattern_v42_24",
      "vi_hierarchical_score": 0.7957629623016624,
      "catboost_prediction": 0.6797231924722057,
      "gnn_rivalry_score": 0.7020000000000002,
      "bootstrap_ci_lower": 0.3466666666666667,
      "bootstrap_ci_upper": 0.4533333333333333,
      "external_validation_score": 0.6160029809694006,
      "refined_thresholds": {
        "confidence_used": 0.75,
        "ev_used": 0.08121416876800189
      },
      "features": {
        "rest_days_home": 5,
        "rivalry_score": 0.7020000000000002,
        "back_to_back_away": 0
      },
      "variance": 0.053333333333333316,
      "hedging_ev_capped": true,
      "copula_joint_risk": 0.8515473859185203
    },
    {
      "game_id": "DET_TBL_2025-10-10",
      "home_team": "DET",
      "away_team": "TBL",
      "home_division": "Atlantic",
      "away_division": "Atlantic",
      "bet_type": "WIN",
      "confidence": 0.7666558145999866,
      "expected_value": 0.3982426645259922,
      "kelly_fraction": 0.08418769565901255,
      "odds": 1.8238205957591869,
      "pattern_id": "pattern_v42_36",
      "vi_hierarchical_score": 0.8171852935092423,
      "catboost_prediction": 0.6797231924722057,
      "gnn_rivalry_score": 0.7020000000000002,
      "bootstrap_ci_lower": 0.29,
      "bootstrap_ci_upper": 0.4,
      "external_validation_score": 0.6202385907043085,
      "refined_thresholds": {
        "confidence_used": 0.75,
        "ev_used": 0.08121416876800189
      },
      "features": {
        "rest_days_home": 5,
        "rivalry_score": 0.7020000000000002,
        "back_to_back_away": 0
      },
      "variance": 0.05500000000000002,
      "hedging_ev_capped": true,
      "copula_joint_risk": 0.8515473859185203
    },
    {
      "game_id": "CHI_STL_2025-12-27",
      "home_team": "CHI",
      "away_team": "STL",
      "home_division": "Central",
      "away_division": "Central",
      "bet_type": "WIN",
      "confidence": 0.759888187531181,
      "expected_value": 0.2493054372106831,
      "kelly_fraction": 0.06741175818911271,
      "odds": 1.6440648212595348,
      "pattern_id": "pattern_v42_36",
      "vi_hierarchical_score": 0.8171852935092423,
      "catboost_prediction": 0.645885057128178,
      "gnn_rivalry_score": 0.7020000000000002,
      "bootstrap_ci_lower": 0.4633333333333333,
      "bootstrap_ci_upper": 0.58,
      "external_validation_score": 0.6202385907043085,
      "refined_thresholds": {
        "confidence_used": 0.75,
        "ev_used": 0.08121416876800189
      },
      "features": {
        "rest_days_home": 2,
        "rivalry_score": 0.7020000000000002,
        "back_to_back_away": 0
      },
      "variance": 0.05833333333333332,
      "hedging_ev_capped": true,
      "copula_joint_risk": 0.8580651107494575
    },
    {
      "game_id": "CAR_PIT_2025-12-14",
      "home_team": "CAR",
      "away_team": "PIT",
      "home_division": "Metropolitan",
      "away_division": "Metropolitan",
      "bet_type": "WIN",
      "confidence": 0.7504006512402704,
      "expected_value": 0.5,
      "kelly_fraction": 0.08940997265783648,
      "odds": 2.0531411343135892,
      "pattern_id": "pattern_v42_36",
      "vi_hierarchical_score": 0.8171852935092423,
      "catboost_prediction": 0.5984473756736252,
      "gnn_rivalry_score": 0.7020000000000002,
      "bootstrap_ci_lower": 0.31666666666666665,
      "bootstrap_ci_upper": 0.42333333333333334,
      "external_validation_score": 0.6202385907043085,
      "refined_thresholds": {
        "confidence_used": 0.75,
        "ev_used": 0.08121416876800189
      },
      "features": {
        "rest_days_home": 3,
        "rivalry_score": 0.7020000000000002,
        "back_to_back_away": 0
      },
      "variance": 0.053333333333333344,
      "hedging_ev_capped": true,
      "copula_joint_risk": 0.9192159350427994
    },
    {
      "game_id": "STL_COL_2025-11-13",
      "home_team": "STL",
      "away_team": "COL",
      "home_division": "Central",
      "away_division": "Central",
      "bet_type": "WIN",
      "confidence": 0.7552030423459164,
      "expected_value": 0.5,
      "kelly_fraction": 0.10545414943122092,
      "odds": 2.6354613473969692,
      "pattern_id": "pattern_v42_36",
      "vi_hierarchical_score": 0.8171852935092423,
      "catboost_prediction": 0.6224593312018546,
      "gnn_rivalry_score": 0.7020000000000002,
      "bootstrap_ci_lower": 0.3933333333333333,
      "bootstrap_ci_upper": 0.5066666666666667,
      "external_validation_score": 0.6202385907043085,
      "refined_thresholds": {
        "confidence_used": 0.75,
        "ev_used": 0.08121416876800189
      },
      "features": {
        "rest_days_home": 1,
        "rivalry_score": 0.7020000000000002,
        "back_to_back_away": 0
      },
      "variance": 0.0566666666666667,
      "hedging_ev_capped": true,
      "copula_joint_risk": 0.9262340684608292
    },
    {
      "game_id": "CAR_NYR_2025-11-28",
      "home_team": "CAR",
      "away_team": "NYR",
      "home_division": "Metropolitan",
      "away_division": "Metropolitan",
      "bet_type": "WIN",
      "confidence": 0.7621808570238306,
      "expected_value": 0.5,
      "kelly_fraction": 0.09743960102980899,
      "odds": 2.1733819080995564,
      "pattern_id": "pattern_v42_36",
      "vi_hierarchical_score": 0.8171852935092423,
      "catboost_prediction": 0.657348404591426,
      "gnn_rivalry_score": 0.7020000000000002,
      "bootstrap_ci_lower": 0.37,
      "bootstrap_ci_upper": 0.48,
      "external_validation_score": 0.6202385907043085,
      "refined_thresholds": {
        "confidence_used": 0.75,
        "ev_used": 0.08121416876800189
      },
      "features": {
        "rest_days_home": 4,
        "rivalry_score": 0.7020000000000002,
        "back_to_back_away": 0
      },
      "variance": 0.05499999999999999,
      "hedging_ev_capped": true,
      "copula_joint_risk": 0.8455368641326182
    },
    {
      "game_id": "PIT_PHI_2025-11-13",
      "home_team": "PIT",
      "away_team": "PHI",
      "home_division": "Metropolitan",
      "away_division": "Metropolitan",
      "bet_type": "WIN",
      "confidence": 0.7552030423459164,
      "expected_value": 0.5,
      "kelly_fraction": 0.09090221503945774,
      "odds": 2.04955628766967,
      "pattern_id": "pattern_v42_36",
      "vi_hierarchical_score": 0.8171852935092423,
      "catboost_prediction": 0.6224593312018546,
      "gnn_rivalry_score": 0.7020000000000002,
      "bootstrap_ci_lower": 0.26,
      "bootstrap_ci_upper": 0.36333333333333334,
      "external_validation_score": 0.6202385907043085,
      "refined_thresholds": {
        "confidence_used": 0.75,
        "ev_used": 0.08121416876800189
      },
      "features": {
        "rest_days_home": 3,
        "rivalry_score": 0.7020000000000002,
        "back_to_back_away": 0
      },
      "variance": 0.051666666666666666,
      "hedging_ev_capped": true,
      "copula_joint_risk": 0.912087259433004
    },
    {
      "game_id": "MTL_TBL_2025-11-28",
      "home_team": "MTL",
      "away_team": "TBL",
      "home_division": "Atlantic",
      "away_division": "Atlantic",
      "bet_type": "WIN",
      "confidence": 0.7528152456845478,
      "expected_value": 0.5,
      "kelly_fraction": 0.0885239708270763,
      "odds": 2.0109528515432924,
      "pattern_id": "pattern_v42_36",
      "vi_hierarchical_score": 0.8171852935092423,
      "catboost_prediction": 0.6105203478950122,
      "gnn_rivalry_score": 0.7020000000000002,
      "bootstrap_ci_lower": 0.3,
      "bootstrap_ci_upper": 0.4066666666666667,
      "external_validation_score": 0.6202385907043085,
      "refined_thresholds": {
        "confidence_used": 0.75,
        "ev_used": 0.08121416876800189
      },
      "features": {
        "rest_days_home": 4,
        "rivalry_score": 0.7020000000000002,
        "back_to_back_away": 1
      },
      "variance": 0.053333333333333344,
      "hedging_ev_capped": true,
      "copula_joint_risk": 0.8515473859185204
    },
    {
      "game_id": "WSH_NYR_2025-12-15",
      "home_team": "WSH",
      "away_team": "NYR",
      "home_division": "Metropolitan",
      "away_division": "Metropolitan",
      "bet_type": "WIN",
      "confidence": 0.7621808570238306,
      "expected_value": 0.5,
      "kelly_fraction": 0.09542804772766467,
      "odds": 2.110117480680552,
      "pattern_id": "pattern_v42_36",
      "vi_hierarchical_score": 0.8171852935092423,
      "catboost_prediction": 0.657348404591426,
      "gnn_rivalry_score": 0.7020000000000002,
      "bootstrap_ci_lower": 0.43666666666666665,
      "bootstrap_ci_upper": 0.5533333333333333,
      "external_validation_score": 0.6202385907043085,
      "refined_thresholds": {
        "confidence_used": 0.75,
        "ev_used": 0.08121416876800189
      },
      "features": {
        "rest_days_home": 4,
        "rivalry_score": 0.7020000000000002,
        "back_to_back_away": 0
      },
      "variance": 0.05833333333333335,
      "hedging_ev_capped": true,
      "copula_joint_risk": 0.8580651107494576
    },
    {
      "game_id": "TOR_BOS_2025-11-24",
      "home_team": "TOR",
      "away_team": "BOS",
      "home_division": "Atlantic",
      "away_division": "Atlantic",
      "bet_type": "WIN",
      "confidence": 0.7552030423459164,
      "expected_value": 0.33816887352038605,
      "kelly_fraction": 0.07629353599235435,
      "odds": 1.771932577712585,
      "pattern_id": "pattern_v42_36",
      "vi_hierarchical_score": 0.8171852935092423,
      "catboost_prediction": 0.6224593312018546,
      "gnn_rivalry_score": 0.7020000000000002,
      "bootstrap_ci_lower": 0.3,
      "bootstrap_ci_upper": 0.4033333333333333,
      "external_validation_score": 0.6202385907043085,
      "refined_thresholds": {
        "confidence_used": 0.75,
        "ev_used": 0.08121416876800189
      },
      "features": {
        "rest_days_home": 2,
        "rivalry_score": 0.7020000000000002,
        "back_to_back_away": 0
      },
      "variance": 0.051666666666666666,
      "hedging_ev_capped": true,
      "copula_joint_risk": 0.8326623307146279
    },
    {
      "game_id": "MTL_DET_2025-11-05",
      "home_team": "MTL",
      "away_team": "DET",
      "home_division": "Atlantic",
      "away_division": "Atlantic",
      "bet_type": "WIN",
      "confidence": 0.759888187531181,
      "expected_value": 0.3388309230916102,
      "kelly_fraction": 0.07745163786085733,
      "odds": 1.7618788462041635,
      "pattern_id": "pattern_v42_36",
      "vi_hierarchical_score": 0.8171852935092423,
      "catboost_prediction": 0.645885057128178,
      "gnn_rivalry_score": 0.7020000000000002,
      "bootstrap_ci_lower": 0.31,
      "bootstrap_ci_upper": 0.4166666666666667,
      "external_validation_score": 0.6202385907043085,
      "refined_thresholds": {
        "confidence_used": 0.75,
        "ev_used": 0.08121416876800189
      },
      "features": {
        "rest_days_home": 2,
        "rivalry_score": 0.7020000000000002,
        "back_to_back_away": 0
      },
      "variance": 0.053333333333333344,
      "hedging_ev_capped": true,
      "copula_joint_risk": 0.8391447770345741
    },
    {
      "game_id": "MIN_DAL_2025-12-19",
      "home_team": "MIN",
      "away_team": "DAL",
      "home_division": "Central",
      "away_division": "Central",
      "bet_type": "WIN",
      "confidence": 0.7538024158754386,
      "expected_value": 0.5,
      "kelly_fraction": 0.10026468106470507,
      "odds": 2.4803475338133127,
      "pattern_id": "pattern_v42_24",
      "vi_hierarchical_score": 0.7957629623016624,
      "catboost_prediction": 0.6797231924722057,
      "gnn_rivalry_score": 0.7020000000000002,
      "bootstrap_ci_lower": 0.41,
      "bootstrap_ci_upper": 0.5233333333333333,
      "external_validation_score": 0.6160029809694006,
      "refined_thresholds": {
        "confidence_used": 0.75,
        "ev_used": 0.08121416876800189
      },
      "features": {
        "rest_days_home": 4,
        "rivalry_score": 0.7020000000000002,
        "back_to_back_away": 0
      },
      "variance": 0.05666666666666667,
      "hedging_ev_capped": true,
      "copula_joint_risk": 0.851842447613146
    },
    {
      "game_id": "MIN_DAL_2025-12-19",
      "home_team": "MIN",
      "away_team": "DAL",
      "home_division": "Central",
      "away_division": "Central",
      "bet_type": "WIN",
      "confidence": 0.7666558145999866,
      "expected_value": 0.5,
      "kelly_fraction": 0.10736496873522526,
      "odds": 2.553955450480334,
      "pattern_id": "pattern_v42_36",
      "vi_hierarchical_score": 0.8171852935092423,
      "catboost_prediction": 0.6797231924722057,
      "gnn_rivalry_score": 0.7020000000000002,
      "bootstrap_ci_lower": 0.35333333333333333,
      "bootstrap_ci_upper": 0.4666666666666667,
      "external_validation_score": 0.6202385907043085,
      "refined_thresholds": {
        "confidence_used": 0.75,
        "ev_used": 0.08121416876800189
      },
      "features": {
        "rest_days_home": 4,
        "rivalry_score": 0.7020000000000002,
        "back_to_back_away": 0
      },
      "variance": 0.05666666666666667,
      "hedging_ev_capped": true,
      "copula_joint_risk": 0.851842447613146
    },
    {
      "game_id": "CBJ_NYR_2025-12-10",
      "home_team": "CBJ",
      "away_team": "NYR",
      "home_division": "Metropolitan",
      "away_division": "Metropolitan",
      "bet_type": "WIN",
      "confidence": 0.7504006512402704,
      "expected_value": 0.5,
      "kelly_fraction": 0.09604562395500425,
      "odds": 2.2548832238843266,
      "pattern_id": "pattern_v42_36",
      "vi_hierarchical_score": 0.8171852935092423,
      "catboost_prediction": 0.5984473756736252,
      "gnn_rivalry_score": 0.7020000000000002,
      "bootstrap_ci_lower": 0.47,
      "bootstrap_ci_upper": 0.5833333333333334,
      "external_validation_score": 0.6202385907043085,
      "refined_thresholds": {
        "confidence_used": 0.75,
        "ev_used": 0.08121416876800189
      },
      "features": {
        "rest_days_home": 1,
        "rivalry_score": 0.7020000000000002,
        "back_to_back_away": 0
      },
      "variance": 0.0566666666666667,
      "hedging_ev_capped": true,
      "copula_joint_risk": 0.9262340684608292
    },
    {
      "game_id": "NYR_NJD_2025-10-28",
      "home_team": "NYR",
      "away_team": "NJD",
      "home_division": "Metropolitan",
      "away_division": "Metropolitan",
      "bet_type": "WIN",
      "confidence": 0.7538024158754386,
      "expected_value": 0.5,
      "kelly_fraction": 0.10386518344615632,
      "odds": 2.6954139214553945,
      "pattern_id": "pattern_v42_24",
      "vi_hierarchical_score": 0.7957629623016624,
      "catboost_prediction": 0.6797231924722057,
      "gnn_rivalry_score": 0.7020000000000002,
      "bootstrap_ci_lower": 0.42,
      "bootstrap_ci_upper": 0.5333333333333333,
      "external_validation_score": 0.6160029809694006,
      "refined_thresholds": {
        "confidence_used": 0.75,
        "ev_used": 0.08121416876800189
      },
      "features": {
        "rest_days_home": 5,
        "rivalry_score": 0.7020000000000002,
        "back_to_back_away": 0
      },
      "variance": 0.05666666666666667,
      "hedging_ev_capped": true,
      "copula_joint_risk": 0.8642081909604706
    },
    {
      "game_id": "NYR_NJD_2025-10-28",
      "home_team": "NYR",
      "away_team": "NJD",
      "home_division": "Metropolitan",
      "away_division": "Metropolitan",
      "bet_type": "WIN",
      "confidence": 0.7666558145999866,
      "expected_value": 0.5,
      "kelly_fraction": 0.11052053233563924,
      "odds": 2.7671959791800544,
      "pattern_id": "pattern_v42_36",
      "vi_hierarchical_score": 0.8171852935092423,
      "catboost_prediction": 0.6797231924722057,
      "gnn_rivalry_score": 0.7020000000000002,
      "bootstrap_ci_lower": 0.30333333333333334,
      "bootstrap_ci_upper": 0.4066666666666667,
      "external_validation_score": 0.6202385907043085,
      "refined_thresholds": {
        "confidence_used": 0.75,
        "ev_used": 0.08121416876800189
      },
      "features": {
        "rest_days_home": 5,
        "rivalry_score": 0.7020000000000002,
        "back_to_back_away": 0
      },
      "variance": 0.051666666666666666,
      "hedging_ev_capped": true,
      "copula_joint_risk": 0.8642081909604706
    },
    {
      "game_id": "VGK_ANA_2025-12-16",
      "home_team": "VGK",
      "away_team": "ANA",
      "home_division": "Pacific",
      "away_division": "Pacific",
      "bet_type": "WIN",
      "confidence": 0.7552030423459164,
      "expected_value": 0.5,
      "kelly_fraction": 0.09389714090209583,
      "odds": 2.133101408529435,
      "pattern_id": "pattern_v42_36",
      "vi_hierarchical_score": 0.8171852935092423,
      "catboost_prediction": 0.6224593312018546,
      "gnn_rivalry_score": 0.7020000000000002,
      "bootstrap_ci_lower": 0.30666666666666664,
      "bootstrap_ci_upper": 0.4166666666666667,
      "external_validation_score": 0.6202385907043085,
      "refined_thresholds": {
        "confidence_used": 0.75,
        "ev_used": 0.08121416876800189
      },
      "features": {
        "rest_days_home": 3,
        "rivalry_score": 0.7020000000000002,
        "back_to_back_away": 0
      },
      "variance": 0.05500000000000002,
      "hedging_ev_capped": true,
      "copula_joint_risk": 0.9262340684608289
    },
    {
      "game_id": "WSH_NYR_2025-12-12",
      "home_team": "WSH",
      "away_team": "NYR",
      "home_division": "Metropolitan",
      "away_division": "Metropolitan",
      "bet_type": "WIN",
      "confidence": 0.7621808570238306,
      "expected_value": 0.5,
      "kelly_fraction": 0.10387169919532545,
      "odds": 2.4348496788395906,
      "pattern_id": "pattern_v42_36",
      "vi_hierarchical_score": 0.8171852935092423,
      "catboost_prediction": 0.657348404591426,
      "gnn_rivalry_score": 0.7020000000000002,
      "bootstrap_ci_lower": 0.43333333333333335,
      "bootstrap_ci_upper": 0.5466666666666666,
      "external_validation_score": 0.6202385907043085,
      "refined_thresholds": {
        "confidence_used": 0.75,
        "ev_used": 0.08121416876800189
      },
      "features": {
        "rest_days_home": 5,
        "rivalry_score": 0.7020000000000002,
        "back_to_back_away": 0
      },
      "variance": 0.05666666666666664,
      "hedging_ev_capped": true,
      "copula_joint_risk": 0.8642081909604705
    },
    {
      "game_id": "DAL_CHI_2025-12-18",
      "home_team": "DAL",
      "away_team": "CHI",
      "home_division": "Central",
      "away_division": "Central",
      "bet_type": "WIN",
      "confidence": 0.7528113419599936,
      "expected_value": 0.5,
      "kelly_fraction": 0.09680785406324269,
      "odds": 2.7395413212571285,
      "pattern_id": "pattern_v42_10",
      "vi_hierarchical_score": 0.7869186260796474,
      "catboost_prediction": 0.7013008315610254,
      "gnn_rivalry_score": 0.7020000000000002,
      "bootstrap_ci_lower": 0.45666666666666667,
      "bootstrap_ci_upper": 0.5666666666666667,
      "external_validation_score": 0.6270574418974599,
      "refined_thresholds": {
        "confidence_used": 0.75,
        "ev_used": 0.08121416876800189
      },
      "features": {
        "rest_days_home": 5,
        "rivalry_score": 0.7020000000000002,
        "back_to_back_away": 0
      },
      "variance": 0.05499999999999999,
      "hedging_ev_capped": true,
      "copula_joint_risk": 0.8579208344436797
    },
    {
      "game_id": "DAL_CHI_2025-12-18",
      "home_team": "DAL",
      "away_team": "CHI",
      "home_division": "Central",
      "away_division": "Central",
      "bet_type": "SPREAD",
      "confidence": 0.7530738861011641,
      "expected_value": 0.5,
      "kelly_fraction": 0.09644628640225995,
      "odds": 2.4705712186545936,
      "pattern_id": "pattern_v42_20",
      "vi_hierarchical_score": 0.7873561996482649,
      "catboost_prediction": 0.7013008315610254,
      "gnn_rivalry_score": 0.7020000000000002,
      "bootstrap_ci_lower": 0.3466666666666667,
      "bootstrap_ci_upper": 0.45666666666666667,
      "external_validation_score": 0.6416024461975214,
      "refined_thresholds": {
        "confidence_used": 0.75,
        "ev_used": 0.08121416876800189
      },
      "features": {
        "rest_days_home": 5,
        "rivalry_score": 0.7020000000000002,
        "back_to_back_away": 0
      },
      "variance": 0.05499999999999999,
      "hedging_ev_capped": true,
      "copula_joint_risk": 0.8579208344436797
    },
    {
      "game_id": "DAL_CHI_2025-12-18",
      "home_team": "DAL",
      "away_team": "CHI",
      "home_division": "Central",
      "away_division": "Central",
      "bet_type": "WIN",
      "confidence": 0.7581179436932026,
      "expected_value": 0.5,
      "kelly_fraction": 0.09625613915196983,
      "odds": 2.2460832639963173,
      "pattern_id": "pattern_v42_24",
      "vi_hierarchical_score": 0.7957629623016624,
      "catboost_prediction": 0.7013008315610254,
      "gnn_rivalry_score": 0.7020000000000002,
      "bootstrap_ci_lower": 0.4266666666666667,
      "bootstrap_ci_upper": 0.5433333333333333,
      "external_validation_score": 0.6160029809694006,
      "refined_thresholds": {
        "confidence_used": 0.75,
        "ev_used": 0.08121416876800189
      },
      "features": {
        "rest_days_home": 5,
        "rivalry_score": 0.7020000000000002,
        "back_to_back_away": 0
      },
      "variance": 0.05833333333333332,
      "hedging_ev_capped": true,
      "copula_joint_risk": 0.8579208344436797
    },
    {
      "game_id": "DAL_CHI_2025-12-18",
      "home_team": "DAL",
      "away_team": "CHI",
      "home_division": "Central",
      "away_division": "Central",
      "bet_type": "WIN",
      "confidence": 0.7709713424177506,
      "expected_value": 0.5,
      "kelly_fraction": 0.10537118837058664,
      "odds": 2.3803115103420858,
      "pattern_id": "pattern_v42_36",
      "vi_hierarchical_score": 0.8171852935092423,
      "catboost_prediction": 0.7013008315610254,
      "gnn_rivalry_score": 0.7020000000000002,
      "bootstrap_ci_lower": 0.4166666666666667,
      "bootstrap_ci_upper": 0.5333333333333333,
      "external_validation_score": 0.6202385907043085,
      "refined_thresholds": {
        "confidence_used": 0.75,
        "ev_used": 0.08121416876800189
      },
      "features": {
        "rest_days_home": 5,
        "rivalry_score": 0.7020000000000002,
        "back_to_back_away": 0
      },
      "variance": 0.05833333333333332,
      "hedging_ev_capped": true,
      "copula_joint_risk": 0.8579208344436797
    },
    {
      "game_id": "CAR_CBJ_2025-12-05",
      "home_team": "CAR",
      "away_team": "CBJ",
      "home_division": "Metropolitan",
      "away_division": "Metropolitan",
      "bet_type": "WIN",
      "confidence": 0.7504006512402704,
      "expected_value": 0.5,
      "kelly_fraction": 0.08816582019533563,
      "odds": 2.022325408328899,
      "pattern_id": "pattern_v42_36",
      "vi_hierarchical_score": 0.8171852935092423,
      "catboost_prediction": 0.5984473756736252,
      "gnn_rivalry_score": 0.7020000000000002,
      "bootstrap_ci_lower": 0.47,
      "bootstrap_ci_upper": 0.5833333333333334,
      "external_validation_score": 0.6202385907043085,
      "refined_thresholds": {
        "confidence_used": 0.75,
        "ev_used": 0.08121416876800189
      },
      "features": {
        "rest_days_home": 2,
        "rivalry_score": 0.7020000000000002,
        "back_to_back_away": 0
      },
      "variance": 0.0566666666666667,
      "hedging_ev_capped": true,
      "copula_joint_risk": 0.8518424476131461
    },
    {
      "game_id": "CGY_SEA_2025-11-05",
      "home_team": "CGY",
      "away_team": "SEA",
      "home_division": "Pacific",
      "away_division": "Pacific",
      "bet_type": "WIN",
      "confidence": 0.7552030423459164,
      "expected_value": 0.5,
      "kelly_fraction": 0.09003525235483448,
      "odds": 2.027623162066413,
      "pattern_id": "pattern_v42_36",
      "vi_hierarchical_score": 0.8171852935092423,
      "catboost_prediction": 0.6224593312018546,
      "gnn_rivalry_score": 0.7020000000000002,
      "bootstrap_ci_lower": 0.5233333333333333,
      "bootstrap_ci_upper": 0.63,
      "external_validation_score": 0.6202385907043085,
      "refined_thresholds": {
        "confidence_used": 0.75,
        "ev_used": 0.08121416876800189
      },
      "features": {
        "rest_days_home": 2,
        "rivalry_score": 0.7020000000000002,
        "back_to_back_away": 0
      },
      "variance": 0.053333333333333344,
      "hedging_ev_capped": true,
      "copula_joint_risk": 0.8391447770345741
    },
    {
      "game_id": "EDM_SEA_2025-12-13",
      "home_team": "EDM",
      "away_team": "SEA",
      "home_division": "Pacific",
      "away_division": "Pacific",
      "bet_type": "WIN",
      "confidence": 0.7552030423459164,
      "expected_value": 0.24411361569077172,
      "kelly_fraction": 0.06566890690049589,
      "odds": 1.6473895706592143,
      "pattern_id": "pattern_v42_36",
      "vi_hierarchical_score": 0.8171852935092423,
      "catboost_prediction": 0.6224593312018546,
      "gnn_rivalry_score": 0.7020000000000002,
      "bootstrap_ci_lower": 0.30333333333333334,
      "bootstrap_ci_upper": 0.41333333333333333,
      "external_validation_score": 0.6202385907043085,
      "refined_thresholds": {
        "confidence_used": 0.75,
        "ev_used": 0.08121416876800189
      },
      "features": {
        "rest_days_home": 1,
        "rivalry_score": 0.7020000000000002,
        "back_to_back_away": 0
      },
      "variance": 0.05499999999999999,
      "hedging_ev_capped": true,
      "copula_joint_risk": 0.9193214889253922
    },
    {
      "game_id": "NYI_NYR_2025-10-03",
      "home_team": "NYI",
      "away_team": "NYR",
      "home_division": "Metropolitan",
      "away_division": "Metropolitan",
      "bet_type": "WIN",
      "confidence": 0.7552030423459164,
      "expected_value": 0.5,
      "kelly_fraction": 0.10165492112229964,
      "odds": 2.4274207116126165,
      "pattern_id": "pattern_v42_36",
      "vi_hierarchical_score": 0.8171852935092423,
      "catboost_prediction": 0.6224593312018546,
      "gnn_rivalry_score": 0.7020000000000002,
      "bootstrap_ci_lower": 0.24333333333333335,
      "bootstrap_ci_upper": 0.3466666666666667,
      "external_validation_score": 0.6202385907043085,
      "refined_thresholds": {
        "confidence_used": 0.75,
        "ev_used": 0.08121416876800189
      },
      "features": {
        "rest_days_home": 1,
        "rivalry_score": 0.7020000000000002,
        "back_to_back_away": 0
      },
      "variance": 0.051666666666666666,
      "hedging_ev_capped": true,
      "copula_joint_risk": 0.9051746798975674
    },
    {
      "game_id": "FLA_MTL_2025-11-01",
      "home_team": "FLA",
      "away_team": "MTL",
      "home_division": "Atlantic",
      "away_division": "Atlantic",
      "bet_type": "WIN",
      "confidence": 0.759888187531181,
      "expected_value": 0.5,
      "kelly_fraction": 0.09773071482341567,
      "odds": 2.208327878350996,
      "pattern_id": "pattern_v42_36",
      "vi_hierarchical_score": 0.8171852935092423,
      "catboost_prediction": 0.645885057128178,
      "gnn_rivalry_score": 0.7020000000000002,
      "bootstrap_ci_lower": 0.39,
      "bootstrap_ci_upper": 0.5066666666666667,
      "external_validation_score": 0.6202385907043085,
      "refined_thresholds": {
        "confidence_used": 0.75,
        "ev_used": 0.08121416876800189
      },
      "features": {
        "rest_days_home": 2,
        "rivalry_score": 0.7020000000000002,
        "back_to_back_away": 0
      },
      "variance": 0.05833333333333335,
      "hedging_ev_capped": true,
      "copula_joint_risk": 0.8580651107494576
    },
    {
      "game_id": "SJS_LAK_2025-10-26",
      "home_team": "SJS",
      "away_team": "LAK",
      "home_division": "Pacific",
      "away_division": "Pacific",
      "bet_type": "WIN",
      "confidence": 0.7552030423459164,
      "expected_value": 0.46882591676307817,
      "kelly_fraction": 0.0864052363700784,
      "odds": 1.9449417367287178,
      "pattern_id": "pattern_v42_36",
      "vi_hierarchical_score": 0.8171852935092423,
      "catboost_prediction": 0.6224593312018546,
      "gnn_rivalry_score": 0.7020000000000002,
      "bootstrap_ci_lower": 0.43333333333333335,
      "bootstrap_ci_upper": 0.5466666666666666,
      "external_validation_score": 0.6202385907043085,
      "refined_thresholds": {
        "confidence_used": 0.75,
        "ev_used": 0.08121416876800189
      },
      "features": {
        "rest_days_home": 2,
        "rivalry_score": 0.7020000000000002,
        "back_to_back_away": 0
      },
      "variance": 0.05666666666666664,
      "hedging_ev_capped": true,
      "copula_joint_risk": 0.8518424476131459
    },
    {
      "game_id": "NJD_PIT_2025-11-11",
      "home_team": "NJD",
      "away_team": "PIT",
      "home_division": "Metropolitan",
      "away_division": "Metropolitan",
      "bet_type": "WIN",
      "confidence": 0.7621808570238306,
      "expected_value": 0.24539566403365898,
      "kelly_fraction": 0.06740904438345657,
      "odds": 1.6339896922847013,
      "pattern_id": "pattern_v42_36",
      "vi_hierarchical_score": 0.8171852935092423,
      "catboost_prediction": 0.657348404591426,
      "gnn_rivalry_score": 0.7020000000000002,
      "bootstrap_ci_lower": 0.49333333333333335,
      "bootstrap_ci_upper": 0.6033333333333334,
      "external_validation_score": 0.6202385907043085,
      "refined_thresholds": {
        "confidence_used": 0.75,
        "ev_used": 0.08121416876800189
      },
      "features": {
        "rest_days_home": 4,
        "rivalry_score": 0.7020000000000002,
        "back_to_back_away": 0
      },
      "variance": 0.05500000000000002,
      "hedging_ev_capped": true,
      "copula_joint_risk": 0.8455368641326183
    },
    {
      "game_id": "LAK_SEA_2025-12-27",
      "home_team": "LAK",
      "away_team": "SEA",
      "home_division": "Pacific",
      "away_division": "Pacific",
      "bet_type": "WIN",
      "confidence": 0.7538024158754386,
      "expected_value": 0.429430385664638,
      "kelly_fraction": 0.08176903645157581,
      "odds": 1.8962931871272257,
      "pattern_id": "pattern_v42_24",
      "vi_hierarchical_score": 0.7957629623016624,
      "catboost_prediction": 0.6797231924722057,
      "gnn_rivalry_score": 0.7020000000000002,
      "bootstrap_ci_lower": 0.44,
      "bootstrap_ci_upper": 0.54,
      "external_validation_score": 0.6160029809694006,
      "refined_thresholds": {
        "confidence_used": 0.75,
        "ev_used": 0.08121416876800189
      },
      "features": {
        "rest_days_home": 4,
        "rivalry_score": 0.7020000000000002,
        "back_to_back_away": 0
      },
      "variance": 0.05000000000000002,
      "hedging_ev_capped": true,
      "copula_joint_risk": 0.8260853669476541
    },
    {
      "game_id": "LAK_SEA_2025-12-27",
      "home_team": "LAK",
      "away_team": "SEA",
      "home_division": "Pacific",
      "away_division": "Pacific",
      "bet_type": "WIN",
      "confidence": 0.7666558145999866,
      "expected_value": 0.5,
      "kelly_fraction": 0.1007807007065596,
      "odds": 2.2413998482255173,
      "pattern_id": "pattern_v42_36",
      "vi_hierarchical_score": 0.8171852935092423,
      "catboost_prediction": 0.6797231924722057,
      "gnn_rivalry_score": 0.7020000000000002,
      "bootstrap_ci_lower": 0.4766666666666667,
      "bootstrap_ci_upper": 0.5866666666666667,
      "external_validation_score": 0.6202385907043085,
      "refined_thresholds": {
        "confidence_used": 0.75,
        "ev_used": 0.08121416876800189
      },
      "features": {
        "rest_days_home": 4,
        "rivalry_score": 0.7020000000000002,
        "back_to_back_away": 0
      },
      "variance": 0.05499999999999999,
      "hedging_ev_capped": true,
      "copula_joint_risk": 0.8260853669476541
    },
    {
      "game_id": "CGY_EDM_2025-12-04",
      "home_team": "CGY",
      "away_team": "EDM",
      "home_division": "Pacific",
      "away_division": "Pacific",
      "bet_type": "WIN",
      "confidence": 0.7538024158754386,
      "expected_value": 0.5,
      "kelly_fraction": 0.09503689794385978,
      "odds": 2.2500995418525287,
      "pattern_id": "pattern_v42_24",
      "vi_hierarchical_score": 0.7957629623016624,
      "catboost_prediction": 0.6797231924722057,
      "gnn_rivalry_score": 0.7020000000000002,
      "bootstrap_ci_lower": 0.41,
      "bootstrap_ci_upper": 0.52,
      "external_validation_score": 0.6160029809694006,
      "refined_thresholds": {
        "confidence_used": 0.75,
        "ev_used": 0.08121416876800189
      },
      "features": {
        "rest_days_home": 5,
        "rivalry_score": 0.7020000000000002,
        "back_to_back_away": 0
      },
      "variance": 0.05500000000000002,
      "hedging_ev_capped": true,
      "copula_joint_risk": 0.8579208344436798
    },
    {
      "game_id": "CGY_EDM_2025-12-04",
      "home_team": "CGY",
      "away_team": "EDM",
      "home_division": "Pacific",
      "away_division": "Pacific",
      "bet_type": "WIN",
      "confidence": 0.7666558145999866,
      "expected_value": 0.5,
      "kelly_fraction": 0.0980290014583271,
      "odds": 2.1451408997232857,
      "pattern_id": "pattern_v42_36",
      "vi_hierarchical_score": 0.8171852935092423,
      "catboost_prediction": 0.6797231924722057,
      "gnn_rivalry_score": 0.7020000000000002,
      "bootstrap_ci_lower": 0.35,
      "bootstrap_ci_upper": 0.46,
      "external_validation_score": 0.6202385907043085,
      "refined_thresholds": {
        "confidence_used": 0.75,
        "ev_used": 0.08121416876800189
      },
      "features": {
        "rest_days_home": 5,
        "rivalry_score": 0.7020000000000002,
        "back_to_back_away": 0
      },
      "variance": 0.05500000000000002,
      "hedging_ev_capped": true,
      "copula_joint_risk": 0.8579208344436798
    },
    {
      "game_id": "ARI_CHI_2025-12-07",
      "home_team": "ARI",
      "away_team": "CHI",
      "home_division": "Central",
      "away_division": "Central",
      "bet_type": "WIN",
      "confidence": 0.7528113419599936,
      "expected_value": 0.46316897014738156,
      "kelly_fraction": 0.07780779393253118,
      "odds": 1.943606437089438,
      "pattern_id": "pattern_v42_10",
      "vi_hierarchical_score": 0.7869186260796474,
      "catboost_prediction": 0.7013008315610254,
      "gnn_rivalry_score": 0.7020000000000002,
      "bootstrap_ci_lower": 0.4166666666666667,
      "bootstrap_ci_upper": 0.5333333333333333,
      "external_validation_score": 0.6270574418974599,
      "refined_thresholds": {
        "confidence_used": 0.75,
        "ev_used": 0.08121416876800189
      },
      "features": {
        "rest_days_home": 4,
        "rivalry_score": 0.7020000000000002,
        "back_to_back_away": 0
      },
      "variance": 0.05833333333333332,
      "hedging_ev_capped": true,
      "copula_joint_risk": 0.8580651107494575
    },
    {
      "game_id": "ARI_CHI_2025-12-07",
      "home_team": "ARI",
      "away_team": "CHI",
      "home_division": "Central",
      "away_division": "Central",
      "bet_type": "SPREAD",
      "confidence": 0.7530738861011641,
      "expected_value": 0.5,
      "kelly_fraction": 0.09831861543529237,
      "odds": 2.577280155930154,
      "pattern_id": "pattern_v42_20",
      "vi_hierarchical_score": 0.7873561996482649,
      "catboost_prediction": 0.7013008315610254,
      "gnn_rivalry_score": 0.7020000000000002,
      "bootstrap_ci_lower": 0.31666666666666665,
      "bootstrap_ci_upper": 0.42333333333333334,
      "external_validation_score": 0.6416024461975214,
      "refined_thresholds": {
        "confidence_used": 0.75,
        "ev_used": 0.08121416876800189
      },
      "features": {
        "rest_days_home": 4,
        "rivalry_score": 0.7020000000000002,
        "back_to_back_away": 0
      },
      "variance": 0.053333333333333344,
      "hedging_ev_capped": true,
      "copula_joint_risk": 0.8580651107494575
    },
    {
      "game_id": "ARI_CHI_2025-12-07",
      "home_team": "ARI",
      "away_team": "CHI",
      "home_division": "Central",
      "away_division": "Central",
      "bet_type": "WIN",
      "confidence": 0.7581179436932026,
      "expected_value": 0.5,
      "kelly_fraction": 0.10630994293120001,
      "odds": 2.789008476125442,
      "pattern_id": "pattern_v42_24",
      "vi_hierarchical_score": 0.7957629623016624,
      "catboost_prediction": 0.7013008315610254,
      "gnn_rivalry_score": 0.7020000000000002,
      "bootstrap_ci_lower": 0.3333333333333333,
      "bootstrap_ci_upper": 0.43666666666666665,
      "external_validation_score": 0.6160029809694006,
      "refined_thresholds": {
        "confidence_used": 0.75,
        "ev_used": 0.08121416876800189
      },
      "features": {
        "rest_days_home": 4,
        "rivalry_score": 0.7020000000000002,
        "back_to_back_away": 0
      },
      "variance": 0.051666666666666666,
      "hedging_ev_capped": true,
      "copula_joint_risk": 0.8580651107494575
    },
    {
      "game_id": "ARI_CHI_2025-12-07",
      "home_team": "ARI",
      "away_team": "CHI",
      "home_division": "Central",
      "away_division": "Central",
      "bet_type": "WIN",
      "confidence": 0.7709713424177506,
      "expected_value": 0.5,
      "kelly_fraction": 0.11141637443360193,
      "odds": 2.7454641081359816,
      "pattern_id": "pattern_v42_36",
      "vi_hierarchical_score": 0.8171852935092423,
      "catboost_prediction": 0.7013008315610254,
      "gnn_rivalry_score": 0.7020000000000002,
      "bootstrap_ci_lower": 0.4633333333333333,
      "bootstrap_ci_upper": 0.5766666666666667,
      "external_validation_score": 0.6202385907043085,
      "refined_thresholds": {
        "confidence_used": 0.75,
        "ev_used": 0.08121416876800189
      },
      "features": {
        "rest_days_home": 4,
        "rivalry_score": 0.7020000000000002,
        "back_to_back_away": 0
      },
      "variance": 0.05666666666666667,
      "hedging_ev_capped": true,
      "copula_joint_risk": 0.8580651107494575
    },
    {
      "game_id": "MIN_ARI_2025-10-25",
      "home_team": "MIN",
      "away_team": "ARI",
      "home_division": "Central",
      "away_division": "Central",
      "bet_type": "WIN",
      "confidence": 0.7538024158754386,
      "expected_value": 0.3900608831497181,
      "kelly_fraction": 0.0788683135209342,
      "odds": 1.8440653066033916,
      "pattern_id": "pattern_v42_24",
      "vi_hierarchical_score": 0.7957629623016624,
      "catboost_prediction": 0.6797231924722057,
      "gnn_rivalry_score": 0.7020000000000002,
      "bootstrap_ci_lower": 0.49333333333333335,
      "bootstrap_ci_upper": 0.61,
      "external_validation_score": 0.6160029809694006,
      "refined_thresholds": {
        "confidence_used": 0.75,
        "ev_used": 0.08121416876800189
      },
      "features": {
        "rest_days_home": 4,
        "rivalry_score": 0.7020000000000002,
        "back_to_back_away": 0
      },
      "variance": 0.05833333333333332,
      "hedging_ev_capped": true,
      "copula_joint_risk": 0.8580651107494575
    },
    {
      "game_id": "MIN_ARI_2025-10-25",
      "home_team": "MIN",
      "away_team": "ARI",
      "home_division": "Central",
      "away_division": "Central",
      "bet_type": "WIN",
      "confidence": 0.7666558145999866,
      "expected_value": 0.2861656729567166,
      "kelly_fraction": 0.07354576334459831,
      "odds": 1.6776311461588427,
      "pattern_id": "pattern_v42_36",
      "vi_hierarchical_score": 0.8171852935092423,
      "catboost_prediction": 0.6797231924722057,
      "gnn_rivalry_score": 0.7020000000000002,
      "bootstrap_ci_lower": 0.4633333333333333,
      "bootstrap_ci_upper": 0.5766666666666667,
      "external_validation_score": 0.6202385907043085,
      "refined_thresholds": {
        "confidence_used": 0.75,
        "ev_used": 0.08121416876800189
      },
      "features": {
        "rest_days_home": 4,
        "rivalry_score": 0.7020000000000002,
        "back_to_back_away": 0
      },
      "variance": 0.05666666666666667,
      "hedging_ev_capped": true,
      "copula_joint_risk": 0.8580651107494575
    },
    {
      "game_id": "WPG_MIN_2025-12-25",
      "home_team": "WPG",
      "away_team": "MIN",
      "home_division": "Central",
      "away_division": "Central",
      "bet_type": "WIN",
      "confidence": 0.7552030423459164,
      "expected_value": 0.5,
      "kelly_fraction": 0.1067473711714895,
      "odds": 2.720832755927074,
      "pattern_id": "pattern_v42_36",
      "vi_hierarchical_score": 0.8171852935092423,
      "catboost_prediction": 0.6224593312018546,
      "gnn_rivalry_score": 0.7020000000000002,
      "bootstrap_ci_lower": 0.47,
      "bootstrap_ci_upper": 0.5833333333333334,
      "external_validation_score": 0.6202385907043085,
      "refined_thresholds": {
        "confidence_used": 0.75,
        "ev_used": 0.08121416876800189
      },
      "features": {
        "rest_days_home": 1,
        "rivalry_score": 0.7020000000000002,
        "back_to_back_away": 0
      },
      "variance": 0.0566666666666667,
      "hedging_ev_capped": true,
      "copula_joint_risk": 0.9262340684608292
    },
    {
      "game_id": "FLA_BUF_2025-10-27",
      "home_team": "FLA",
      "away_team": "BUF",
      "home_division": "Atlantic",
      "away_division": "Atlantic",
      "bet_type": "WIN",
      "confidence": 0.759888187531181,
      "expected_value": 0.5,
      "kelly_fraction": 0.10619537215715191,
      "odds": 2.5995757405463125,
      "pattern_id": "pattern_v42_36",
      "vi_hierarchical_score": 0.8171852935092423,
      "catboost_prediction": 0.645885057128178,
      "gnn_rivalry_score": 0.7020000000000002,
      "bootstrap_ci_lower": 0.33,
      "bootstrap_ci_upper": 0.43666666666666665,
      "external_validation_score": 0.6202385907043085,
      "refined_thresholds": {
        "confidence_used": 0.75,
        "ev_used": 0.08121416876800189
      },
      "features": {
        "rest_days_home": 2,
        "rivalry_score": 0.7020000000000002,
        "back_to_back_away": 0
      },
      "variance": 0.053333333333333316,
      "hedging_ev_capped": true,
      "copula_joint_risk": 0.8391447770345741
    },
    {
      "game_id": "VAN_CGY_2025-12-12",
      "home_team": "VAN",
      "away_team": "CGY",
      "home_division": "Pacific",
      "away_division": "Pacific",
      "bet_type": "WIN",
      "confidence": 0.7538024158754386,
      "expected_value": 0.5,
      "kelly_fraction": 0.1050165453062187,
      "odds": 2.778016455078511,
      "pattern_id": "pattern_v42_24",
      "vi_hierarchical_score": 0.7957629623016624,
      "catboost_prediction": 0.6797231924722057,
      "gnn_rivalry_score": 0.7020000000000002,
      "bootstrap_ci_lower": 0.5666666666666667,
      "bootstrap_ci_upper": 0.68,
      "external_validation_score": 0.6160029809694006,
      "refined_thresholds": {
        "confidence_used": 0.75,
        "ev_used": 0.08121416876800189
      },
      "features": {
        "rest_days_home": 4,
        "rivalry_score": 0.7020000000000002,
        "back_to_back_away": 0
      },
      "variance": 0.0566666666666667,
      "hedging_ev_capped": true,
      "copula_joint_risk": 0.8518424476131461
    },
    {
      "game_id": "VAN_CGY_2025-12-12",
      "home_team": "VAN",
      "away_team": "CGY",
      "home_division": "Pacific",
      "away_division": "Pacific",
      "bet_type": "WIN",
      "confidence": 0.7666558145999866,
      "expected_value": 0.5,
      "kelly_fraction": 0.10690424882173843,
      "odds": 2.5270525524636174,
      "pattern_id": "pattern_v42_36",
      "vi_hierarchical_score": 0.8171852935092423,
      "catboost_prediction": 0.6797231924722057,
      "gnn_rivalry_score": 0.7020000000000002,
      "bootstrap_ci_lower": 0.41,
      "bootstrap_ci_upper": 0.53,
      "external_validation_score": 0.6202385907043085,
      "refined_thresholds": {
        "confidence_used": 0.75,
        "ev_used": 0.08121416876800189
      },
      "features": {
        "rest_days_home": 4,
        "rivalry_score": 0.7020000000000002,
        "back_to_back_away": 0
      },
      "variance": 0.060000000000000026,
      "hedging_ev_capped": true,
      "copula_joint_risk": 0.8518424476131461
    },
    {
      "game_id": "WSH_PHI_2025-10-21",
      "home_team": "WSH",
      "away_team": "PHI",
      "home_division": "Metropolitan",
      "away_division": "Metropolitan",
      "bet_type": "WIN",
      "confidence": 0.7552030423459164,
      "expected_value": 0.5,
      "kelly_fraction": 0.0933375654658479,
      "odds": 2.1164961684261607,
      "pattern_id": "pattern_v42_36",
      "vi_hierarchical_score": 0.8171852935092423,
      "catboost_prediction": 0.6224593312018546,
      "gnn_rivalry_score": 0.7020000000000002,
      "bootstrap_ci_lower": 0.44333333333333336,
      "bootstrap_ci_upper": 0.55,
      "external_validation_score": 0.6202385907043085,
      "refined_thresholds": {
        "confidence_used": 0.75,
        "ev_used": 0.08121416876800189
      },
      "features": {
        "rest_days_home": 2,
        "rivalry_score": 0.7020000000000002,
        "back_to_back_away": 0
      },
      "variance": 0.053333333333333344,
      "hedging_ev_capped": true,
      "copula_joint_risk": 0.8391447770345741
    },
    {
      "game_id": "BUF_OTT_2025-10-04",
      "home_team": "BUF",
      "away_team": "OTT",
      "home_division": "Atlantic",
      "away_division": "Atlantic",
      "bet_type": "WIN",
      "confidence": 0.7504006512402704,
      "expected_value": 0.5,
      "kelly_fraction": 0.09213889416827228,
      "odds": 2.1276990768784274,
      "pattern_id": "pattern_v42_36",
      "vi_hierarchical_score": 0.8171852935092423,
      "catboost_prediction": 0.5984473756736252,
      "gnn_rivalry_score": 0.7020000000000002,
      "bootstrap_ci_lower": 0.30333333333333334,
      "bootstrap_ci_upper": 0.4066666666666667,
      "external_validation_score": 0.6202385907043085,
      "refined_thresholds": {
        "confidence_used": 0.75,
        "ev_used": 0.08121416876800189
      },
      "features": {
        "rest_days_home": 3,
        "rivalry_score": 0.7020000000000002,
        "back_to_back_away": 0
      },
      "variance": 0.051666666666666666,
      "hedging_ev_capped": true,
      "copula_joint_risk": 0.912087259433004
    },
    {
      "game_id": "DAL_ARI_2025-12-27",
      "home_team": "DAL",
      "away_team": "ARI",
      "home_division": "Central",
      "away_division": "Central",
      "bet_type": "WIN",
      "confidence": 0.7528152456845478,
      "expected_value": 0.20596952902385124,
      "kelly_fraction": 0.059590739485413845,
      "odds": 1.6019462091621728,
      "pattern_id": "pattern_v42_36",
      "vi_hierarchical_score": 0.8171852935092423,
      "catboost_prediction": 0.6105203478950122,
      "gnn_rivalry_score": 0.7020000000000002,
      "bootstrap_ci_lower": 0.5366666666666666,
      "bootstrap_ci_upper": 0.65,
      "external_validation_score": 0.6202385907043085,
      "refined_thresholds": {
        "confidence_used": 0.75,
        "ev_used": 0.08121416876800189
      },
      "features": {
        "rest_days_home": 4,
        "rivalry_score": 0.7020000000000002,
        "back_to_back_away": 1
      },
      "variance": 0.0566666666666667,
      "hedging_ev_capped": true,
      "copula_joint_risk": 0.8642081909604707
    },
    {
      "game_id": "ARI_DAL_2025-11-05",
      "home_team": "ARI",
      "away_team": "DAL",
      "home_division": "Central",
      "away_division": "Central",
      "bet_type": "WIN",
      "confidence": 0.759888187531181,
      "expected_value": 0.5,
      "kelly_fraction": 0.09977898499235067,
      "odds": 2.2843441265126243,
      "pattern_id": "pattern_v42_36",
      "vi_hierarchical_score": 0.8171852935092423,
      "catboost_prediction": 0.645885057128178,
      "gnn_rivalry_score": 0.7020000000000002,
      "bootstrap_ci_lower": 0.36666666666666664,
      "bootstrap_ci_upper": 0.48,
      "external_validation_score": 0.6202385907043085,
      "refined_thresholds": {
        "confidence_used": 0.75,
        "ev_used": 0.08121416876800189
      },
      "features": {
        "rest_days_home": 1,
        "rivalry_score": 0.7020000000000002,
        "back_to_back_away": 0
      },
      "variance": 0.05666666666666667,
      "hedging_ev_capped": true,
      "copula_joint_risk": 0.9262340684608291
    },
    {
      "game_id": "TBL_BOS_2025-12-08",
      "home_team": "TBL",
      "away_team": "BOS",
      "home_division": "Atlantic",
      "away_division": "Atlantic",
      "bet_type": "WIN",
      "confidence": 0.759888187531181,
      "expected_value": 0.5,
      "kelly_fraction": 0.10034377772764116,
      "odds": 2.3070169027178573,
      "pattern_id": "pattern_v42_36",
      "vi_hierarchical_score": 0.8171852935092423,
      "catboost_prediction": 0.645885057128178,
      "gnn_rivalry_score": 0.7020000000000002,
      "bootstrap_ci_lower": 0.3933333333333333,
      "bootstrap_ci_upper": 0.5,
      "external_validation_score": 0.6202385907043085,
      "refined_thresholds": {
        "confidence_used": 0.75,
        "ev_used": 0.08121416876800189
      },
      "features": {
        "rest_days_home": 2,
        "rivalry_score": 0.7020000000000002,
        "back_to_back_away": 0
      },
      "variance": 0.053333333333333344,
      "hedging_ev_capped": true,
      "copula_joint_risk": 0.8391447770345741
    },
    {
      "game_id": "DET_FLA_2025-12-23",
      "home_team": "DET",
      "away_team": "FLA",
      "home_division": "Atlantic",
      "away_division": "Atlantic",
      "bet_type": "WIN",
      "confidence": 0.7538024158754386,
      "expected_value": 0.5,
      "kelly_fraction": 0.10315057076962872,
      "odds": 2.647897187499371,
      "pattern_id": "pattern_v42_24",
      "vi_hierarchical_score": 0.7957629623016624,
      "catboost_prediction": 0.6797231924722057,
      "gnn_rivalry_score": 0.7020000000000002,
      "bootstrap_ci_lower": 0.3433333333333333,
      "bootstrap_ci_upper": 0.4533333333333333,
      "external_validation_score": 0.6160029809694006,
      "refined_thresholds": {
        "confidence_used": 0.75,
        "ev_used": 0.08121416876800189
      },
      "features": {
        "rest_days_home": 5,
        "rivalry_score": 0.7020000000000002,
        "back_to_back_away": 0
      },
      "variance": 0.05499999999999999,
      "hedging_ev_capped": true,
      "copula_joint_risk": 0.8579208344436797
    },
    {
      "game_id": "DET_FLA_2025-12-23",
      "home_team": "DET",
      "away_team": "FLA",
      "home_division": "Atlantic",
      "away_division": "Atlantic",
      "bet_type": "WIN",
      "confidence": 0.7666558145999866,
      "expected_value": 0.36579766597431584,
      "kelly_fraction": 0.08151643712406037,
      "odds": 1.7815004333945343,
      "pattern_id": "pattern_v42_36",
      "vi_hierarchical_score": 0.8171852935092423,
      "catboost_prediction": 0.6797231924722057,
      "gnn_rivalry_score": 0.7020000000000002,
      "bootstrap_ci_lower": 0.49333333333333335,
      "bootstrap_ci_upper": 0.6,
      "external_validation_score": 0.6202385907043085,
      "refined_thresholds": {
        "confidence_used": 0.75,
        "ev_used": 0.08121416876800189
      },
      "features": {
        "rest_days_home": 5,
        "rivalry_score": 0.7020000000000002,
        "back_to_back_away": 0
      },
      "variance": 0.053333333333333316,
      "hedging_ev_capped": true,
      "copula_joint_risk": 0.8579208344436797
    },
    {
      "game_id": "NJD_NYI_2025-12-19",
      "home_team": "NJD",
      "away_team": "NYI",
      "home_division": "Metropolitan",
      "away_division": "Metropolitan",
      "bet_type": "WIN",
      "confidence": 0.7552030423459164,
      "expected_value": 0.37073611958572217,
      "kelly_fraction": 0.079215600294539,
      "odds": 1.8150564056624447,
      "pattern_id": "pattern_v42_36",
      "vi_hierarchical_score": 0.8171852935092423,
      "catboost_prediction": 0.6224593312018546,
      "gnn_rivalry_score": 0.7020000000000002,
      "bootstrap_ci_lower": 0.43,
      "bootstrap_ci_upper": 0.5433333333333333,
      "external_validation_score": 0.6202385907043085,
      "refined_thresholds": {
        "confidence_used": 0.75,
        "ev_used": 0.08121416876800189
      },
      "features": {
        "rest_days_home": 1,
        "rivalry_score": 0.7020000000000002,
        "back_to_back_away": 0
      },
      "variance": 0.05666666666666667,
      "hedging_ev_capped": true,
      "copula_joint_risk": 0.9262340684608291
    },
    {
      "game_id": "WPG_STL_2025-10-11",
      "home_team": "WPG",
      "away_team": "STL",
      "home_division": "Central",
      "away_division": "Central",
      "bet_type": "WIN",
      "confidence": 0.759888187531181,
      "expected_value": 0.4227921003408841,
      "kelly_fraction": 0.08440330597845869,
      "odds": 1.872370335119207,
      "pattern_id": "pattern_v42_36",
      "vi_hierarchical_score": 0.8171852935092423,
      "catboost_prediction": 0.645885057128178,
      "gnn_rivalry_score": 0.7020000000000002,
      "bootstrap_ci_lower": 0.3433333333333333,
      "bootstrap_ci_upper": 0.4533333333333333,
      "external_validation_score": 0.6202385907043085,
      "refined_thresholds": {
        "confidence_used": 0.75,
        "ev_used": 0.08121416876800189
      },
      "features": {
        "rest_days_home": 1,
        "rivalry_score": 0.7020000000000002,
        "back_to_back_away": 0
      },
      "variance": 0.05499999999999999,
      "hedging_ev_capped": true,
      "copula_joint_risk": 0.9193214889253922
    }
  ],
  "grok_v21_improvements": {
    "refined_dynamic_thresholds": true,
    "hierarchical_vi_divisions": true,
    "catboost_pure_python": true,
    "simple_gnn_rivalries": true,
    "full_monte_carlo_bootstrap": true,
    "hedging_ev_capped": true,
    "external_validation_simulation": true,
    "copula_joint_risk_modeling": true
  },
  "performance_v42": {
    "execution_times_detailed": [
      7.493441104888916
    ],
    "selectivity_tracking": [
      0.20666666666666667
    ],
    "vi_convergence_history": [],
    "bootstrap_ci_results": {},
    "catboost_feature_importance": {},
    "gnn_rivalry_scores": {},
    "copula_joint_risks": [],
    "external_validation_scores": []
  },
  "cache_v42_stats": {
    "hierarchical_vi_priors": 4,
    "catboost_predictions": 1800,
    "gnn_rivalry_scores": 259,
    "bootstrap_distributions": 62
  }
}