{
  "nhl_betting_system": {
    "version": "v4.7_real_data_simplified",
    "date": "2025-09-07",
    "status": "Gemini corrections applied - Quality over quantity",
    
    "system_info": {
      "total_games_analyzed": 1312,
      "season": "2023-24_historical",
      "simulation_eliminated": true,
      "deterministic_calculations": true
    },
    
    "betting_recommendations": {
      "count": 0,
      "reason": "Strict quality thresholds maintained",
      "confidence_threshold": 0.65,
      "expected_value_threshold": 0.15,
      "message": "No opportunities meet quality standards - System working as intended"
    },
    
    "system_evolution": {
      "v4_5_1_simulation": {
        "recommendations": 85,
        "type": "simulated",
        "roi": "50-75% (fictional)"
      },
      "v4_6_supremacy": {
        "recommendations": 95,
        "type": "simulated",
        "roi": "65-90% (fictional)"
      },
      "v4_7_real_data": {
        "recommendations": 0,
        "type": "real_data_based",
        "roi": "0% (authentic)",
        "lesson": "Simulation vs Reality revealed"
      }
    },
    
    "next_steps": [
      "Rest and reflection",
      "Refine algorithms with more real factors",
      "Connect real APIs (MoneyPuck/NHL)",
      "Calibrate thresholds on historical data",
      "Accept fewer but higher quality recommendations"
    ],
    
    "sample_betting_format": {
      "note": "When recommendations are generated, they will appear in this simple format:",
      "game": "TOR vs BOS",
      "date": "2025-10-15",
      "bet_type": "WIN",
      "team_recommended": "TOR",
      "confidence": 0.72,
      "expected_value": 0.18,
      "kelly_fraction": 0.08,
      "bet_amount_per_100": 8,
      "reasoning": "TOR xG advantage + home ice + rest advantage"
    },
    
    "gemini_validation": {
      "simulation_eliminated": true,
      "deterministic_calculations": true,
      "quality_standards_maintained": true,
      "ready_for_real_apis": true,
      "lesson_learned": "95 simulated recommendations vs 0 real recommendations shows the importance of authentic data"
    }
  }
}
