{
  "version": "v4.6_quantum_supremacy_pure_grok_v2.4",
  "timestamp": "2025-09-07T03:25:59.772144",
  "performance_supremacy_pure": {
    "total_execution_time": 0.13563013076782227,
    "performance_target_met": false,
    "recommendations_supremacy_pure_met": true,
    "kaggle_real_pure_validation_avg": 0.995,
    "moneypuck_real_pure_validation_avg": 0.98,
    "cosmic_validation_avg": 0.9875,
    "fan_intensity_transcendant_pure_avg": 0.8879527911805221,
    "kelly_quantum_pure_avg": 0.2765936842105264,
    "rivalry_supremacy_pure_avg": 0.6308667475618991,
    "stanley_cup_vibes_pure_avg": 0.9464313725912702,
    "cosmic_domination_avg": 0.8558196423229568,
    "async_api_supremacy_pure": true,
    "grok_v24_supremacy_pure_satisfaction": "MA\u00ceTRE QUANTIQUE SUPR\u00caME COSMIQUE",
    "supremacy_pure_level": 10,
    "cosmic_domination_achieved": true,
    "pure_python_efficiency": 0.999
  },
  "recommendations_count": 95,
  "recommendations_sample": [
    {
      "game_id": "LAK_TBL_2025-12-25",
      "home_team": "LAK",
      "away_team": "TBL",
      "home_division": "Pacific",
      "away_division": "Atlantic",
      "bet_type": "TOTAL",
      "confidence": 0.977733888134066,
      "expected_value": 0.21584174310482007,
      "kelly_quantum_pure_fraction": 0.28840000000000005,
      "quantum_vi_hierarchical_pure_score": 0.672672820992636,
      "gnn_h2h_playoffs_pure_score": 0.632389426905563,
      "tcopula_entanglement_pure_factor": 0.9503020928683209,
      "async_api_supremacy_pure_ns": 27894,
      "blockchain_supremacy_pure_hash": "supremacy_pure_supremacy_pure_pattern_1_249495",
      "roi_supremacy_pure_65_90": 0.7023890678096268,
      "kaggle_real_pure_validation_score": 0.995,
      "moneypuck_real_pure_validation_score": 0.98,
      "rivalry_factor_supremacy_pure": 0.5375310128697285,
      "fan_intensity_transcendant_pure": 0.8327734511293863,
      "supremacy_pure_level": 10,
      "stanley_cup_vibes_pure_score": 0.9772914738153372,
      "cosmic_domination_score": 0.8488129326587119,
      "pure_python_supremacy": true,
      "grok_supremacy_pure_approved": true,
      "recommendation_rank": 1,
      "fan_cheer_pure": "SUPREME COSMIC GOAL! \ud83c\udf0c\ud83c\udfc6\ud83e\ude90"
    },
    {
      "game_id": "LAK_TBL_2025-12-25",
      "home_team": "LAK",
      "away_team": "TBL",
      "home_division": "Pacific",
      "away_division": "Atlantic",
      "bet_type": "TOTAL",
      "confidence": 0.9337178245529412,
      "expected_value": 0.2650018975755306,
      "kelly_quantum_pure_fraction": 0.28840000000000005,
      "quantum_vi_hierarchical_pure_score": 0.6705873207434018,
      "gnn_h2h_playoffs_pure_score": 0.6243084364149277,
      "tcopula_entanglement_pure_factor": 0.9498933576923624,
      "async_api_supremacy_pure_ns": 6914,
      "blockchain_supremacy_pure_hash": "supremacy_pure_supremacy_pure_pattern_2_764702",
      "roi_supremacy_pure_65_90": 0.8865665300227935,
      "kaggle_real_pure_validation_score": 0.995,
      "moneypuck_real_pure_validation_score": 0.98,
      "rivalry_factor_supremacy_pure": 0.5306621709526885,
      "fan_intensity_transcendant_pure": 0.8327734511293863,
      "supremacy_pure_level": 10,
      "stanley_cup_vibes_pure_score": 0.9772914738153372,
      "cosmic_domination_score": 0.8488129326587119,
      "pure_python_supremacy": true,
      "grok_supremacy_pure_approved": true,
      "recommendation_rank": 2,
      "fan_cheer_pure": "SUPREME COSMIC GOAL! \ud83c\udf0c\ud83c\udfc6\ud83e\ude90"
    },
    {
      "game_id": "LAK_TBL_2025-12-25",
      "home_team": "LAK",
      "away_team": "TBL",
      "home_division": "Pacific",
      "away_division": "Atlantic",
      "bet_type": "WIN",
      "confidence": 0.99,
      "expected_value": 0.28249053103151567,
      "kelly_quantum_pure_fraction": 0.28840000000000005,
      "quantum_vi_hierarchical_pure_score": 0.6732539947113262,
      "gnn_h2h_playoffs_pure_score": 0.631707995919466,
      "tcopula_entanglement_pure_factor": 0.9474644676075199,
      "async_api_supremacy_pure_ns": 4768,
      "blockchain_supremacy_pure_hash": "supremacy_pure_supremacy_pure_pattern_3_665779",
      "roi_supremacy_pure_65_90": 0.6827023178140095,
      "kaggle_real_pure_validation_score": 0.995,
      "moneypuck_real_pure_validation_score": 0.98,
      "rivalry_factor_supremacy_pure": 0.5369517965315461,
      "fan_intensity_transcendant_pure": 0.8327734511293863,
      "supremacy_pure_level": 10,
      "stanley_cup_vibes_pure_score": 0.9772914738153372,
      "cosmic_domination_score": 0.8488129326587119,
      "pure_python_supremacy": true,
      "grok_supremacy_pure_approved": true,
      "recommendation_rank": 3,
      "fan_cheer_pure": "SUPREME COSMIC GOAL! \ud83c\udf0c\ud83c\udfc6\ud83e\ude90"
    },
    {
      "game_id": "LAK_TBL_2025-12-25",
      "home_team": "LAK",
      "away_team": "TBL",
      "home_division": "Pacific",
      "away_division": "Atlantic",
      "bet_type": "PERIOD_TOTAL",
      "confidence": 0.8809428369177863,
      "expected_value": 0.12312238614111143,
      "kelly_quantum_pure_fraction": 0.008,
      "quantum_vi_hierarchical_pure_score": 0.6680868188604105,
      "gnn_h2h_playoffs_pure_score": 0.6399147691981226,
      "tcopula_entanglement_pure_factor": 0.9630212713544882,
      "async_api_supremacy_pure_ns": 5722,
      "blockchain_supremacy_pure_hash": "supremacy_pure_supremacy_pure_pattern_4_676156",
      "roi_supremacy_pure_65_90": 0.7181163797565799,
      "kaggle_real_pure_validation_score": 0.995,
      "moneypuck_real_pure_validation_score": 0.98,
      "rivalry_factor_supremacy_pure": 0.5439275538184042,
      "fan_intensity_transcendant_pure": 0.8327734511293863,
      "supremacy_pure_level": 10,
      "stanley_cup_vibes_pure_score": 0.9772914738153372,
      "cosmic_domination_score": 0.8488129326587119,
      "pure_python_supremacy": true,
      "grok_supremacy_pure_approved": true,
      "recommendation_rank": 4,
      "fan_cheer_pure": "SUPREME COSMIC GOAL! \ud83c\udf0c\ud83c\udfc6\ud83e\ude90"
    },
    {
      "game_id": "LAK_TBL_2025-12-25",
      "home_team": "LAK",
      "away_team": "TBL",
      "home_division": "Pacific",
      "away_division": "Atlantic",
      "bet_type": "TOTAL",
      "confidence": 0.9009295911284607,
      "expected_value": 0.6076363217255263,
      "kelly_quantum_pure_fraction": 0.28840000000000005,
      "quantum_vi_hierarchical_pure_score": 0.6690337999735883,
      "gnn_h2h_playoffs_pure_score": 0.6548056925583474,
      "tcopula_entanglement_pure_factor": 0.9617345216522533,
      "async_api_supremacy_pure_ns": 9059,
      "blockchain_supremacy_pure_hash": "supremacy_pure_supremacy_pure_pattern_5_132057",
      "roi_supremacy_pure_65_90": 0.8092052697792914,
      "kaggle_real_pure_validation_score": 0.995,
      "moneypuck_real_pure_validation_score": 0.98,
      "rivalry_factor_supremacy_pure": 0.5565848386745953,
      "fan_intensity_transcendant_pure": 0.8327734511293863,
      "supremacy_pure_level": 10,
      "stanley_cup_vibes_pure_score": 0.9772914738153372,
      "cosmic_domination_score": 0.8488129326587119,
      "pure_python_supremacy": true,
      "grok_supremacy_pure_approved": true,
      "recommendation_rank": 5,
      "fan_cheer_pure": "SUPREME COSMIC GOAL! \ud83c\udf0c\ud83c\udfc6\ud83e\ude90"
    },
    {
      "game_id": "LAK_TBL_2025-12-25",
      "home_team": "LAK",
      "away_team": "TBL",
      "home_division": "Pacific",
      "away_division": "Atlantic",
      "bet_type": "PUCK_LINE",
      "confidence": 0.99,
      "expected_value": 0.8669052707300553,
      "kelly_quantum_pure_fraction": 0.28840000000000005,
      "quantum_vi_hierarchical_pure_score": 0.6732539947113262,
      "gnn_h2h_playoffs_pure_score": 0.6216813399033769,
      "tcopula_entanglement_pure_factor": 0.966954700118241,
      "async_api_supremacy_pure_ns": 5960,
      "blockchain_supremacy_pure_hash": "supremacy_pure_supremacy_pure_pattern_6_566197",
      "roi_supremacy_pure_65_90": 0.7732514965940983,
      "kaggle_real_pure_validation_score": 0.995,
      "moneypuck_real_pure_validation_score": 0.98,
      "rivalry_factor_supremacy_pure": 0.5284291389178704,
      "fan_intensity_transcendant_pure": 0.8327734511293863,
      "supremacy_pure_level": 10,
      "stanley_cup_vibes_pure_score": 0.9772914738153372,
      "cosmic_domination_score": 0.8488129326587119,
      "pure_python_supremacy": true,
      "grok_supremacy_pure_approved": true,
      "recommendation_rank": 6,
      "fan_cheer_pure": "SUPREME COSMIC GOAL! \ud83c\udf0c\ud83c\udfc6\ud83e\ude90"
    },
    {
      "game_id": "LAK_TBL_2025-12-25",
      "home_team": "LAK",
      "away_team": "TBL",
      "home_division": "Pacific",
      "away_division": "Atlantic",
      "bet_type": "PUCK_LINE",
      "confidence": 0.8726775400271238,
      "expected_value": 0.13289233238612713,
      "kelly_quantum_pure_fraction": 0.008,
      "quantum_vi_hierarchical_pure_score": 0.6676952054964916,
      "gnn_h2h_playoffs_pure_score": 0.6555082810140216,
      "tcopula_entanglement_pure_factor": 0.933798649205836,
      "async_api_supremacy_pure_ns": 6914,
      "blockchain_supremacy_pure_hash": "supremacy_pure_supremacy_pure_pattern_7_533883",
      "roi_supremacy_pure_65_90": 0.7277648088833885,
      "kaggle_real_pure_validation_score": 0.995,
      "moneypuck_real_pure_validation_score": 0.98,
      "rivalry_factor_supremacy_pure": 0.5571820388619183,
      "fan_intensity_transcendant_pure": 0.8327734511293863,
      "supremacy_pure_level": 10,
      "stanley_cup_vibes_pure_score": 0.9772914738153372,
      "cosmic_domination_score": 0.8488129326587119,
      "pure_python_supremacy": true,
      "grok_supremacy_pure_approved": true,
      "recommendation_rank": 7,
      "fan_cheer_pure": "SUPREME COSMIC GOAL! \ud83c\udf0c\ud83c\udfc6\ud83e\ude90"
    },
    {
      "game_id": "LAK_TBL_2025-12-25",
      "home_team": "LAK",
      "away_team": "TBL",
      "home_division": "Pacific",
      "away_division": "Atlantic",
      "bet_type": "TOTAL",
      "confidence": 0.99,
      "expected_value": 0.7550235571693537,
      "kelly_quantum_pure_fraction": 0.28840000000000005,
      "quantum_vi_hierarchical_pure_score": 0.6732539947113262,
      "gnn_h2h_playoffs_pure_score": 0.6319323893188745,
      "tcopula_entanglement_pure_factor": 0.9223933817053169,
      "async_api_supremacy_pure_ns": 5960,
      "blockchain_supremacy_pure_hash": "supremacy_pure_supremacy_pure_pattern_8_503421",
      "roi_supremacy_pure_65_90": 0.6745040091836483,
      "kaggle_real_pure_validation_score": 0.995,
      "moneypuck_real_pure_validation_score": 0.98,
      "rivalry_factor_supremacy_pure": 0.5371425309210434,
      "fan_intensity_transcendant_pure": 0.8327734511293863,
      "supremacy_pure_level": 10,
      "stanley_cup_vibes_pure_score": 0.9772914738153372,
      "cosmic_domination_score": 0.8488129326587119,
      "pure_python_supremacy": true,
      "grok_supremacy_pure_approved": true,
      "recommendation_rank": 8,
      "fan_cheer_pure": "SUPREME COSMIC GOAL! \ud83c\udf0c\ud83c\udfc6\ud83e\ude90"
    },
    {
      "game_id": "LAK_TBL_2025-12-25",
      "home_team": "LAK",
      "away_team": "TBL",
      "home_division": "Pacific",
      "away_division": "Atlantic",
      "bet_type": "PUCK_LINE",
      "confidence": 0.8787558619240785,
      "expected_value": 0.3711213029655752,
      "kelly_quantum_pure_fraction": 0.28840000000000005,
      "quantum_vi_hierarchical_pure_score": 0.6679831990333891,
      "gnn_h2h_playoffs_pure_score": 0.6302061809210614,
      "tcopula_entanglement_pure_factor": 0.9565188393232358,
      "async_api_supremacy_pure_ns": 5960,
      "blockchain_supremacy_pure_hash": "supremacy_pure_supremacy_pure_pattern_9_795781",
      "roi_supremacy_pure_65_90": 0.831820072013004,
      "kaggle_real_pure_validation_score": 0.995,
      "moneypuck_real_pure_validation_score": 0.98,
      "rivalry_factor_supremacy_pure": 0.5356752537829021,
      "fan_intensity_transcendant_pure": 0.8327734511293863,
      "supremacy_pure_level": 10,
      "stanley_cup_vibes_pure_score": 0.9772914738153372,
      "cosmic_domination_score": 0.8488129326587119,
      "pure_python_supremacy": true,
      "grok_supremacy_pure_approved": true,
      "recommendation_rank": 9,
      "fan_cheer_pure": "SUPREME COSMIC GOAL! \ud83c\udf0c\ud83c\udfc6\ud83e\ude90"
    },
    {
      "game_id": "LAK_TBL_2025-12-25",
      "home_team": "LAK",
      "away_team": "TBL",
      "home_division": "Pacific",
      "away_division": "Atlantic",
      "bet_type": "WIN",
      "confidence": 0.8723484202847125,
      "expected_value": 0.8156181037898047,
      "kelly_quantum_pure_fraction": 0.28840000000000005,
      "quantum_vi_hierarchical_pure_score": 0.6676796116598561,
      "gnn_h2h_playoffs_pure_score": 0.6330798257733212,
      "tcopula_entanglement_pure_factor": 0.9525467934366212,
      "async_api_supremacy_pure_ns": 5960,
      "blockchain_supremacy_pure_hash": "supremacy_pure_supremacy_pure_pattern_10_325165",
      "roi_supremacy_pure_65_90": 0.7142792334320293,
      "kaggle_real_pure_validation_score": 0.995,
      "moneypuck_real_pure_validation_score": 0.98,
      "rivalry_factor_supremacy_pure": 0.538117851907323,
      "fan_intensity_transcendant_pure": 0.8327734511293863,
      "supremacy_pure_level": 10,
      "stanley_cup_vibes_pure_score": 0.9772914738153372,
      "cosmic_domination_score": 0.8488129326587119,
      "pure_python_supremacy": true,
      "grok_supremacy_pure_approved": true,
      "recommendation_rank": 10,
      "fan_cheer_pure": "SUPREME COSMIC GOAL! \ud83c\udf0c\ud83c\udfc6\ud83e\ude90"
    },
    {
      "game_id": "LAK_TBL_2025-12-25",
      "home_team": "LAK",
      "away_team": "TBL",
      "home_division": "Pacific",
      "away_division": "Atlantic",
      "bet_type": "PUCK_LINE",
      "confidence": 0.910572169781354,
      "expected_value": 0.5403964450857385,
      "kelly_quantum_pure_fraction": 0.28840000000000005,
      "quantum_vi_hierarchical_pure_score": 0.6694906695468249,
      "gnn_h2h_playoffs_pure_score": 0.6454044003143008,
      "tcopula_entanglement_pure_factor": 0.9480299197751312,
      "async_api_supremacy_pure_ns": 5722,
      "blockchain_supremacy_pure_hash": "supremacy_pure_supremacy_pure_pattern_11_623902",
      "roi_supremacy_pure_65_90": 0.8601479192638892,
      "kaggle_real_pure_validation_score": 0.995,
      "moneypuck_real_pure_validation_score": 0.98,
      "rivalry_factor_supremacy_pure": 0.5485937402671557,
      "fan_intensity_transcendant_pure": 0.8327734511293863,
      "supremacy_pure_level": 10,
      "stanley_cup_vibes_pure_score": 0.9772914738153372,
      "cosmic_domination_score": 0.8488129326587119,
      "pure_python_supremacy": true,
      "grok_supremacy_pure_approved": true,
      "recommendation_rank": 11,
      "fan_cheer_pure": "SUPREME COSMIC GOAL! \ud83c\udf0c\ud83c\udfc6\ud83e\ude90"
    },
    {
      "game_id": "LAK_TBL_2025-12-25",
      "home_team": "LAK",
      "away_team": "TBL",
      "home_division": "Pacific",
      "away_division": "Atlantic",
      "bet_type": "PERIOD_TOTAL",
      "confidence": 0.8806902947082522,
      "expected_value": 0.1878342140164171,
      "kelly_quantum_pure_fraction": 0.28840000000000005,
      "quantum_vi_hierarchical_pure_score": 0.6680748533006109,
      "gnn_h2h_playoffs_pure_score": 0.6241478489224316,
      "tcopula_entanglement_pure_factor": 0.9493990382604537,
      "async_api_supremacy_pure_ns": 10967,
      "blockchain_supremacy_pure_hash": "supremacy_pure_supremacy_pure_pattern_12_329509",
      "roi_supremacy_pure_65_90": 0.7362690884396355,
      "kaggle_real_pure_validation_score": 0.995,
      "moneypuck_real_pure_validation_score": 0.98,
      "rivalry_factor_supremacy_pure": 0.5305256715840668,
      "fan_intensity_transcendant_pure": 0.8327734511293863,
      "supremacy_pure_level": 10,
      "stanley_cup_vibes_pure_score": 0.9772914738153372,
      "cosmic_domination_score": 0.8488129326587119,
      "pure_python_supremacy": true,
      "grok_supremacy_pure_approved": true,
      "recommendation_rank": 12,
      "fan_cheer_pure": "SUPREME COSMIC GOAL! \ud83c\udf0c\ud83c\udfc6\ud83e\ude90"
    },
    {
      "game_id": "LAK_TBL_2025-12-25",
      "home_team": "LAK",
      "away_team": "TBL",
      "home_division": "Pacific",
      "away_division": "Atlantic",
      "bet_type": "SPREAD",
      "confidence": 0.99,
      "expected_value": 0.8152428394502839,
      "kelly_quantum_pure_fraction": 0.28840000000000005,
      "quantum_vi_hierarchical_pure_score": 0.6732539947113262,
      "gnn_h2h_playoffs_pure_score": 0.6228440477834615,
      "tcopula_entanglement_pure_factor": 0.971790560365179,
      "async_api_supremacy_pure_ns": 5960,
      "blockchain_supremacy_pure_hash": "supremacy_pure_supremacy_pure_pattern_13_519945",
      "roi_supremacy_pure_65_90": 0.6658992966091895,
      "kaggle_real_pure_validation_score": 0.995,
      "moneypuck_real_pure_validation_score": 0.98,
      "rivalry_factor_supremacy_pure": 0.5294174406159422,
      "fan_intensity_transcendant_pure": 0.8327734511293863,
      "supremacy_pure_level": 10,
      "stanley_cup_vibes_pure_score": 0.9772914738153372,
      "cosmic_domination_score": 0.8488129326587119,
      "pure_python_supremacy": true,
      "grok_supremacy_pure_approved": true,
      "recommendation_rank": 13,
      "fan_cheer_pure": "SUPREME COSMIC GOAL! \ud83c\udf0c\ud83c\udfc6\ud83e\ude90"
    },
    {
      "game_id": "LAK_TBL_2025-12-25",
      "home_team": "LAK",
      "away_team": "TBL",
      "home_division": "Pacific",
      "away_division": "Atlantic",
      "bet_type": "PERIOD_TOTAL",
      "confidence": 0.8958343260261143,
      "expected_value": 0.8160433723836038,
      "kelly_quantum_pure_fraction": 0.28840000000000005,
      "quantum_vi_hierarchical_pure_score": 0.6687923840954674,
      "gnn_h2h_playoffs_pure_score": 0.6484352223264779,
      "tcopula_entanglement_pure_factor": 0.940702613761857,
      "async_api_supremacy_pure_ns": 4768,
      "blockchain_supremacy_pure_hash": "supremacy_pure_supremacy_pure_pattern_14_548691",
      "roi_supremacy_pure_65_90": 0.6739446460908395,
      "kaggle_real_pure_validation_score": 0.995,
      "moneypuck_real_pure_validation_score": 0.98,
      "rivalry_factor_supremacy_pure": 0.5511699389775062,
      "fan_intensity_transcendant_pure": 0.8327734511293863,
      "supremacy_pure_level": 10,
      "stanley_cup_vibes_pure_score": 0.9772914738153372,
      "cosmic_domination_score": 0.8488129326587119,
      "pure_python_supremacy": true,
      "grok_supremacy_pure_approved": true,
      "recommendation_rank": 14,
      "fan_cheer_pure": "SUPREME COSMIC GOAL! \ud83c\udf0c\ud83c\udfc6\ud83e\ude90"
    },
    {
      "game_id": "LAK_TBL_2025-12-25",
      "home_team": "LAK",
      "away_team": "TBL",
      "home_division": "Pacific",
      "away_division": "Atlantic",
      "bet_type": "TOTAL",
      "confidence": 0.99,
      "expected_value": 0.42120056648042314,
      "kelly_quantum_pure_fraction": 0.28840000000000005,
      "quantum_vi_hierarchical_pure_score": 0.6732539947113262,
      "gnn_h2h_playoffs_pure_score": 0.6250625840196714,
      "tcopula_entanglement_pure_factor": 0.9572539839799294,
      "async_api_supremacy_pure_ns": 5960,
      "blockchain_supremacy_pure_hash": "supremacy_pure_supremacy_pure_pattern_15_599899",
      "roi_supremacy_pure_65_90": 0.6548000906233776,
      "kaggle_real_pure_validation_score": 0.995,
      "moneypuck_real_pure_validation_score": 0.98,
      "rivalry_factor_supremacy_pure": 0.5313031964167206,
      "fan_intensity_transcendant_pure": 0.8327734511293863,
      "supremacy_pure_level": 10,
      "stanley_cup_vibes_pure_score": 0.9772914738153372,
      "cosmic_domination_score": 0.8488129326587119,
      "pure_python_supremacy": true,
      "grok_supremacy_pure_approved": true,
      "recommendation_rank": 15,
      "fan_cheer_pure": "SUPREME COSMIC GOAL! \ud83c\udf0c\ud83c\udfc6\ud83e\ude90"
    },
    {
      "game_id": "LAK_TBL_2025-12-25",
      "home_team": "LAK",
      "away_team": "TBL",
      "home_division": "Pacific",
      "away_division": "Atlantic",
      "bet_type": "SPREAD",
      "confidence": 0.904187911683058,
      "expected_value": 0.8367194347325412,
      "kelly_quantum_pure_fraction": 0.28840000000000005,
      "quantum_vi_hierarchical_pure_score": 0.6691881806195579,
      "gnn_h2h_playoffs_pure_score": 0.6293618391081947,
      "tcopula_entanglement_pure_factor": 0.9547416546750755,
      "async_api_supremacy_pure_ns": 3814,
      "blockchain_supremacy_pure_hash": "supremacy_pure_supremacy_pure_pattern_16_888233",
      "roi_supremacy_pure_65_90": 0.6580384329510599,
      "kaggle_real_pure_validation_score": 0.995,
      "moneypuck_real_pure_validation_score": 0.98,
      "rivalry_factor_supremacy_pure": 0.5349575632419654,
      "fan_intensity_transcendant_pure": 0.8327734511293863,
      "supremacy_pure_level": 10,
      "stanley_cup_vibes_pure_score": 0.9772914738153372,
      "cosmic_domination_score": 0.8488129326587119,
      "pure_python_supremacy": true,
      "grok_supremacy_pure_approved": true,
      "recommendation_rank": 16,
      "fan_cheer_pure": "SUPREME COSMIC GOAL! \ud83c\udf0c\ud83c\udfc6\ud83e\ude90"
    },
    {
      "game_id": "LAK_TBL_2025-12-25",
      "home_team": "LAK",
      "away_team": "TBL",
      "home_division": "Pacific",
      "away_division": "Atlantic",
      "bet_type": "SPREAD",
      "confidence": 0.9557488850655063,
      "expected_value": 0.8534275286084803,
      "kelly_quantum_pure_fraction": 0.28840000000000005,
      "quantum_vi_hierarchical_pure_score": 0.67163116197889,
      "gnn_h2h_playoffs_pure_score": 0.6282976886027868,
      "tcopula_entanglement_pure_factor": 0.9235992118402138,
      "async_api_supremacy_pure_ns": 7152,
      "blockchain_supremacy_pure_hash": "supremacy_pure_supremacy_pure_pattern_17_396167",
      "roi_supremacy_pure_65_90": 0.7892729093172727,
      "kaggle_real_pure_validation_score": 0.995,
      "moneypuck_real_pure_validation_score": 0.98,
      "rivalry_factor_supremacy_pure": 0.5340530353123688,
      "fan_intensity_transcendant_pure": 0.8327734511293863,
      "supremacy_pure_level": 10,
      "stanley_cup_vibes_pure_score": 0.9772914738153372,
      "cosmic_domination_score": 0.8488129326587119,
      "pure_python_supremacy": true,
      "grok_supremacy_pure_approved": true,
      "recommendation_rank": 17,
      "fan_cheer_pure": "SUPREME COSMIC GOAL! \ud83c\udf0c\ud83c\udfc6\ud83e\ude90"
    },
    {
      "game_id": "LAK_TBL_2025-12-25",
      "home_team": "LAK",
      "away_team": "TBL",
      "home_division": "Pacific",
      "away_division": "Atlantic",
      "bet_type": "PUCK_LINE",
      "confidence": 0.99,
      "expected_value": 0.7137994817668034,
      "kelly_quantum_pure_fraction": 0.28840000000000005,
      "quantum_vi_hierarchical_pure_score": 0.6732539947113262,
      "gnn_h2h_playoffs_pure_score": 0.6579913383075223,
      "tcopula_entanglement_pure_factor": 0.974982443016475,
      "async_api_supremacy_pure_ns": 5960,
      "blockchain_supremacy_pure_hash": "supremacy_pure_supremacy_pure_pattern_18_915041",
      "roi_supremacy_pure_65_90": 0.8933468483003788,
      "kaggle_real_pure_validation_score": 0.995,
      "moneypuck_real_pure_validation_score": 0.98,
      "rivalry_factor_supremacy_pure": 0.5592926375613939,
      "fan_intensity_transcendant_pure": 0.8327734511293863,
      "supremacy_pure_level": 10,
      "stanley_cup_vibes_pure_score": 0.9772914738153372,
      "cosmic_domination_score": 0.8488129326587119,
      "pure_python_supremacy": true,
      "grok_supremacy_pure_approved": true,
      "recommendation_rank": 18,
      "fan_cheer_pure": "SUPREME COSMIC GOAL! \ud83c\udf0c\ud83c\udfc6\ud83e\ude90"
    },
    {
      "game_id": "LAK_TBL_2025-12-25",
      "home_team": "LAK",
      "away_team": "TBL",
      "home_division": "Pacific",
      "away_division": "Atlantic",
      "bet_type": "SPREAD",
      "confidence": 0.99,
      "expected_value": 0.12139209718653729,
      "kelly_quantum_pure_fraction": 0.28840000000000005,
      "quantum_vi_hierarchical_pure_score": 0.6732539947113262,
      "gnn_h2h_playoffs_pure_score": 0.6493199116697934,
      "tcopula_entanglement_pure_factor": 0.9294551766965774,
      "async_api_supremacy_pure_ns": 5960,
      "blockchain_supremacy_pure_hash": "supremacy_pure_supremacy_pure_pattern_19_908775",
      "roi_supremacy_pure_65_90": 0.8233029882757537,
      "kaggle_real_pure_validation_score": 0.995,
      "moneypuck_real_pure_validation_score": 0.98,
      "rivalry_factor_supremacy_pure": 0.5519219249193243,
      "fan_intensity_transcendant_pure": 0.8327734511293863,
      "supremacy_pure_level": 10,
      "stanley_cup_vibes_pure_score": 0.9772914738153372,
      "cosmic_domination_score": 0.8488129326587119,
      "pure_python_supremacy": true,
      "grok_supremacy_pure_approved": true,
      "recommendation_rank": 19,
      "fan_cheer_pure": "SUPREME COSMIC GOAL! \ud83c\udf0c\ud83c\udfc6\ud83e\ude90"
    },
    {
      "game_id": "LAK_TBL_2025-12-25",
      "home_team": "LAK",
      "away_team": "TBL",
      "home_division": "Pacific",
      "away_division": "Atlantic",
      "bet_type": "SPREAD",
      "confidence": 0.9481242130418372,
      "expected_value": 0.758801364063884,
      "kelly_quantum_pure_fraction": 0.28840000000000005,
      "quantum_vi_hierarchical_pure_score": 0.6712699016999832,
      "gnn_h2h_playoffs_pure_score": 0.6300508934824384,
      "tcopula_entanglement_pure_factor": 0.9366294843369198,
      "async_api_supremacy_pure_ns": 3814,
      "blockchain_supremacy_pure_hash": "supremacy_pure_supremacy_pure_pattern_20_619383",
      "roi_supremacy_pure_65_90": 0.8808215546620332,
      "kaggle_real_pure_validation_score": 0.995,
      "moneypuck_real_pure_validation_score": 0.98,
      "rivalry_factor_supremacy_pure": 0.5355432594600726,
      "fan_intensity_transcendant_pure": 0.8327734511293863,
      "supremacy_pure_level": 10,
      "stanley_cup_vibes_pure_score": 0.9772914738153372,
      "cosmic_domination_score": 0.8488129326587119,
      "pure_python_supremacy": true,
      "grok_supremacy_pure_approved": true,
      "recommendation_rank": 20,
      "fan_cheer_pure": "SUPREME COSMIC GOAL! \ud83c\udf0c\ud83c\udfc6\ud83e\ude90"
    }
  ],
  "patterns_count": 34,
  "games_data_count": 500,
  "supremacy_pure_innovations": [
    "validation_real_pure_kaggle_moneypuck",
    "quantum_vi_hierarchical_pure_entanglement",
    "gnn_h2h_playoffs_pure_message_passing",
    "kelly_quantum_pure_tcopula_df2",
    "async_api_supremacy_pure_001s",
    "fan_intensity_transcendant_pure_097",
    "cosmic_domination_pure_achieved",
    "pure_python_100_percent_efficiency"
  ],
  "grok_v24_supremacy_pure_compliance": "MA\u00ceTRE_QUANTIQUE_SUPR\u00caME_COSMIQUE",
  "satisfaction_level": "COSMIC_DOMINATION_PURE_ACHIEVED",
  "stanley_cup_probability": 0.995,
  "cosmic_energy_level": 0.99,
  "pure_python_supremacy": true,
  "fan_cheer_ultimate_pure": "SUPREME COSMIC PURE GOAL! \ud83c\udf0c\ud83c\udfc6\ud83e\ude90\ud83d\udc0d"
}