{
  "version": "v4.2_grok_v2.1_ultra_precision",
  "timestamp": "2025-09-07T02:38:30.306185",
  "performance_summary": {
    "avg_execution_time": 0.022031307220458984,
    "avg_selectivity": 0.0,
    "performance_target_met": true,
    "selectivity_target_met": false
  },
  "recommendations": [],
  "grok_v21_improvements": {
    "refined_dynamic_thresholds": true,
    "hierarchical_vi_divisions": true,
    "catboost_pure_python": true,
    "simple_gnn_rivalries": true,
    "full_monte_carlo_bootstrap": true,
    "hedging_ev_capped": true,
    "external_validation_simulation": true,
    "copula_joint_risk_modeling": true
  },
  "performance_v42": {
    "execution_times_detailed": [
      0.022031307220458984
    ],
    "selectivity_tracking": [
      0.0
    ],
    "vi_convergence_history": [],
    "bootstrap_ci_results": {},
    "catboost_feature_importance": {},
    "gnn_rivalry_scores": {},
    "copula_joint_risks": [],
    "external_validation_scores": []
  },
  "cache_v42_stats": {
    "hierarchical_vi_priors": 4,
    "catboost_predictions": 451,
    "gnn_rivalry_scores": 210,
    "bootstrap_distributions": 0
  }
}