{
  "version": "v4.5_quantum_ascension_grok_v2.4",
  "timestamp": "2025-09-07T03:05:48.191302",
  "divine_compliance": {
    "ascension_achieved": true,
    "nanosecond_divine": true,
    "convergence_divine": true,
    "sharpe_transcendent": true,
    "quantum_vi_active": true,
    "message_passing_active": true,
    "kelly_quantique_active": true,
    "async_ultra_fast": true,
    "hymnes_stored": true,
    "fun_transcendant": true,
    "glace_tremble_fans_hurlent": true
  },
  "recommendations": [],
  "quantum_vi_results": 12,
  "message_passing_results": 11,
  "async_api_latency_avg_ns": 4457.9,
  "blockchain_hymnes_stored": 12,
  "grok_v24_response_status": "ASCENDED",
  "fun_humain_transcendant": 11,
  "glace_tremble_fans_hurlent": true,
  "stanley_cup_destiny": "INEVITABLE"
}