{
  "analysis": {
    "news_summary": [
      {
        "title": "Connor McDavid: Entraînement complet, prêt pour l'ouverture",
        "impact": "POSITIF",
        "teams": [
          "EDM"
        ],
        "confidence": "CONFIRMÉ",
        "date": "05/09/2025",
        "analysis": "Aucune séquelle de blessure, forme optimale"
      },
      {
        "title": "Auston Matthews: Nouveau contrat record signé (60M$ x 4 ans)",
        "impact": "POSITIF",
        "teams": [
          "TOR"
        ],
        "confidence": "CONFIRMÉ",
        "date": "04/09/2025",
        "analysis": "Motivation maximale, leadership renforcé"
      },
      {
        "title": "Carey Price: Retraite officielle confirmée",
        "impact": "NEUTRE",
        "teams": [
          "MTL"
        ],
        "confidence": "CONFIRMÉ",
        "date": "01/09/2025",
        "analysis": "Déjà intégré dans les cotes, pas d'ajustement"
      },
      {
        "title": "⚠️ RUMEUR: Possible échange Erik Karlsson vers Boston",
        "impact": "INCERTAIN",
        "teams": [
          "PIT",
          "BOS"
        ],
        "confidence": "RUMEUR",
        "date": "06/09/2025",
        "analysis": "À surveiller, pourrait affecter cotes division"
      }
    ],
    "value_opportunities": [
      {
        "market": "Boston Bruins @ Washington Capitals (2025-)",
        "selection": "Boston Bruins",
        "odds": 2.3,
        "p_imp": 0.4347826086956522,
        "p_adj": 0.55,
        "value": 0.11521739130434783,
        "category": "MID",
        "justification": "Analyse statistique favorable",
        "bet_type": "opening"
      },
      {
        "market": "Calgary Flames @ Edmonton Oilers (2025-)",
        "selection": "Edmonton Oilers",
        "odds": 1.75,
        "p_imp": 0.5714285714285714,
        "p_adj": 0.65,
        "value": 0.07857142857142863,
        "category": "SAFE",
        "justification": "McDavid en santé, roster deep, expérience playoffs",
        "bet_type": "opening"
      }
    ],
    "opening_plan": {
      "total_budget": 20.0,
      "bets": [
        {
          "selection": "Boston Bruins",
          "market": "Boston Bruins @ Washington Capitals (2025-)",
          "odds": 2.3,
          "stake": 8.0,
          "potential_win": 18.4,
          "value": 0.11521739130434783,
          "justification": "Analyse statistique favorable"
        },
        {
          "selection": "Edmonton Oilers",
          "market": "Calgary Flames @ Edmonton Oilers (2025-)",
          "odds": 1.75,
          "stake": 8.0,
          "potential_win": 14.0,
          "value": 0.07857142857142863,
          "justification": "McDavid en santé, roster deep, expérience playoffs"
        }
      ],
      "total_staked": 16.0,
      "remaining": 4.0
    },
    "futures_plan": {
      "total_budget": 20.0,
      "bets": [],
      "total_staked": 0,
      "message": "Aucune opportunité futures identifiée"
    },
    "expected_returns": {
      "opening_expected": 6.801,
      "futures_expected": 0,
      "total_expected": 6.801,
      "total_staked": 16.0,
      "roi_percentage": 42.50625
    },
    "risk_assessment": {
      "risk_level": "CONSERVATEUR",
      "confidence": 85,
      "avg_odds": 2.025,
      "avg_value": 0.09689440993788823
    }
  },
  "official_data": {
    "total_games": 1416,
    "by_type": {
      "preseason": 104,
      "regular": 1312,
      "playoffs": 0
    },
    "opening_games_count": 56,
    "teams_count": 32,
    "date_range": {
      "start": "2025-09-20",
      "end": "2026-04-16"
    }
  },
  "opening_games": [
    {
      "game_id": 2025020004,
      "date": "2025-10-08",
      "time": "2025-10-08T23:00:00Z",
      "away_team": "Montreal Canadiens",
      "home_team": "Toronto Maple Leafs",
      "venue": "Scotiabank Arena",
      "betting_interest": 10,
      "rivalry_level": "INTENSE",
      "tv_coverage": 2,
      "prime_time": false,
      "market_importance": "MAJOR"
    },
    {
      "game_id": 2025020006,
      "date": "2025-10-08",
      "time": "2025-10-09T02:00:00Z",
      "away_team": "Calgary Flames",
      "home_team": "Edmonton Oilers",
      "venue": "Rogers Place",
      "betting_interest": 10,
      "rivalry_level": "INTENSE",
      "tv_coverage": 2,
      "prime_time": false,
      "market_importance": "STANDARD"
    },
    {
      "game_id": 2025020002,
      "date": "2025-10-07",
      "time": "2025-10-08T00:00:00Z",
      "away_team": "Pittsburgh Penguins",
      "home_team": "New York Rangers",
      "venue": "Madison Square Garden",
      "betting_interest": 8,
      "rivalry_level": "REGULAR",
      "tv_coverage": 3,
      "prime_time": false,
      "market_importance": "SIGNIFICANT"
    },
    {
      "game_id": 2025020005,
      "date": "2025-10-08",
      "time": "2025-10-08T23:30:00Z",
      "away_team": "Boston Bruins",
      "home_team": "Washington Capitals",
      "venue": "Capital One Arena",
      "betting_interest": 7,
      "rivalry_level": "REGULAR",
      "tv_coverage": 2,
      "prime_time": false,
      "market_importance": "SIGNIFICANT"
    },
    {
      "game_id": 2025020008,
      "date": "2025-10-09",
      "time": "2025-10-09T23:00:00Z",
      "away_team": "Chicago Blackhawks",
      "home_team": "Boston Bruins",
      "venue": "TD Garden",
      "betting_interest": 7,
      "rivalry_level": "REGULAR",
      "tv_coverage": 0,
      "prime_time": false,
      "market_importance": "MAJOR"
    },
    {
      "game_id": 2025020009,
      "date": "2025-10-09",
      "time": "2025-10-09T23:00:00Z",
      "away_team": "New York Rangers",
      "home_team": "Buffalo Sabres",
      "venue": "KeyBank Center",
      "betting_interest": 7,
      "rivalry_level": "REGULAR",
      "tv_coverage": 0,
      "prime_time": false,
      "market_importance": "SIGNIFICANT"
    },
    {
      "game_id": 2025020010,
      "date": "2025-10-09",
      "time": "2025-10-09T23:00:00Z",
      "away_team": "Montreal Canadiens",
      "home_team": "Detroit Red Wings",
      "venue": "Little Caesars Arena",
      "betting_interest": 7,
      "rivalry_level": "REGULAR",
      "tv_coverage": 0,
      "prime_time": false,
      "market_importance": "MAJOR"
    },
    {
      "game_id": 2025020019,
      "date": "2025-10-09",
      "time": "2025-10-10T02:00:00Z",
      "away_team": "Calgary Flames",
      "home_team": "Vancouver Canucks",
      "venue": "Rogers Arena",
      "betting_interest": 7,
      "rivalry_level": "REGULAR",
      "tv_coverage": 1,
      "prime_time": false,
      "market_importance": "STANDARD"
    },
    {
      "game_id": 2025020023,
      "date": "2025-10-11",
      "time": "2025-10-11T20:00:00Z",
      "away_team": "St. Louis Blues",
      "home_team": "Calgary Flames",
      "venue": "Scotiabank Saddledome",
      "betting_interest": 7,
      "rivalry_level": "REGULAR",
      "tv_coverage": 0,
      "prime_time": true,
      "market_importance": "STANDARD"
    },
    {
      "game_id": 2025020024,
      "date": "2025-10-11",
      "time": "2025-10-11T23:00:00Z",
      "away_team": "Buffalo Sabres",
      "home_team": "Boston Bruins",
      "venue": "TD Garden",
      "betting_interest": 7,
      "rivalry_level": "REGULAR",
      "tv_coverage": 0,
      "prime_time": false,
      "market_importance": "SIGNIFICANT"
    },
    {
      "game_id": 2025020025,
      "date": "2025-10-11",
      "time": "2025-10-11T23:00:00Z",
      "away_team": "Toronto Maple Leafs",
      "home_team": "Detroit Red Wings",
      "venue": "Little Caesars Arena",
      "betting_interest": 7,
      "rivalry_level": "MODERATE",
      "tv_coverage": 1,
      "prime_time": false,
      "market_importance": "MAJOR"
    },
    {
      "game_id": 2025020029,
      "date": "2025-10-11",
      "time": "2025-10-11T23:00:00Z",
      "away_team": "New York Rangers",
      "home_team": "Pittsburgh Penguins",
      "venue": "PPG Paints Arena",
      "betting_interest": 7,
      "rivalry_level": "REGULAR",
      "tv_coverage": 0,
      "prime_time": false,
      "market_importance": "SIGNIFICANT"
    },
    {
      "game_id": 2025020031,
      "date": "2025-10-11",
      "time": "2025-10-11T23:00:00Z",
      "away_team": "Montreal Canadiens",
      "home_team": "Chicago Blackhawks",
      "venue": "United Center",
      "betting_interest": 7,
      "rivalry_level": "REGULAR",
      "tv_coverage": 2,
      "prime_time": false,
      "market_importance": "MAJOR"
    },
    {
      "game_id": 2025020035,
      "date": "2025-10-11",
      "time": "2025-10-12T02:00:00Z",
      "away_team": "Vancouver Canucks",
      "home_team": "Edmonton Oilers",
      "venue": "Rogers Place",
      "betting_interest": 7,
      "rivalry_level": "REGULAR",
      "tv_coverage": 1,
      "prime_time": false,
      "market_importance": "STANDARD"
    },
    {
      "game_id": 2025020038,
      "date": "2025-10-12",
      "time": "2025-10-12T23:00:00Z",
      "away_team": "Washington Capitals",
      "home_team": "New York Rangers",
      "venue": "Madison Square Garden",
      "betting_interest": 7,
      "rivalry_level": "REGULAR",
      "tv_coverage": 1,
      "prime_time": false,
      "market_importance": "SIGNIFICANT"
    },
    {
      "game_id": 2025020040,
      "date": "2025-10-13",
      "time": "2025-10-13T17:00:00Z",
      "away_team": "Tampa Bay Lightning",
      "home_team": "Boston Bruins",
      "venue": "TD Garden",
      "betting_interest": 7,
      "rivalry_level": "REGULAR",
      "tv_coverage": 1,
      "prime_time": false,
      "market_importance": "SIGNIFICANT"
    },
    {
      "game_id": 2025020043,
      "date": "2025-10-13",
      "time": "2025-10-13T20:00:00Z",
      "away_team": "Detroit Red Wings",
      "home_team": "Toronto Maple Leafs",
      "venue": "Scotiabank Arena",
      "betting_interest": 7,
      "rivalry_level": "MODERATE",
      "tv_coverage": 2,
      "prime_time": true,
      "market_importance": "MAJOR"
    },
    {
      "game_id": 2025020049,
      "date": "2025-10-14",
      "time": "2025-10-14T23:00:00Z",
      "away_team": "Nashville Predators",
      "home_team": "Toronto Maple Leafs",
      "venue": "Scotiabank Arena",
      "betting_interest": 7,
      "rivalry_level": "REGULAR",
      "tv_coverage": 0,
      "prime_time": false,
      "market_importance": "SIGNIFICANT"
    },
    {
      "game_id": 2025020050,
      "date": "2025-10-14",
      "time": "2025-10-14T23:00:00Z",
      "away_team": "Seattle Kraken",
      "home_team": "Montreal Canadiens",
      "venue": "Centre Bell",
      "betting_interest": 7,
      "rivalry_level": "REGULAR",
      "tv_coverage": 0,
      "prime_time": false,
      "market_importance": "SIGNIFICANT"
    },
    {
      "game_id": 2025020051,
      "date": "2025-10-14",
      "time": "2025-10-14T23:00:00Z",
      "away_team": "Edmonton Oilers",
      "home_team": "New York Rangers",
      "venue": "Madison Square Garden",
      "betting_interest": 7,
      "rivalry_level": "REGULAR",
      "tv_coverage": 0,
      "prime_time": false,
      "market_importance": "SIGNIFICANT"
    }
  ]
}